respondent_id,field_day,supplier,screener_version,loi_minutes,age_band,gender,region,education,urbanicity,aware,consider,used_12m,b1,b2,b3,b4,b5,b6,b7,b8
R00001,1,Meridian,v1_3month,6.9,35-54,Female,Northeast,Some college,Urban,0,0,0,4,3,1,5,5,4,2,1
R00002,5,Colwyn,v2_12month,9.8,35-54,Female,Northeast,High school or less,Suburban,1,0,0,4,5,2,3,3,4,1,2
R00003,4,Colwyn,v2_12month,5.8,18-34,Female,West,Bachelor's or higher,Urban,1,0,0,3,2,1,5,4,3,2,1
R00004,3,Meridian,v2_12month,6.9,55-64,Female,Midwest,Some college,Suburban,1,0,0,4,5,1,2,5,1,2,3
R00005,2,Meridian,v1_3month,9.6,35-54,Female,South,Bachelor's or higher,Suburban,1,1,1,3,2,5,4,2,1,4,3
R00006,5,Colwyn,v2_12month,6.8,55-64,Male,South,Bachelor's or higher,Urban,1,0,0,2,3,5,1,3,4,1,2
R00007,6,Colwyn,v2_12month,9.3,35-54,Female,Midwest,High school or less,Urban,0,0,0,4,3,2,1,3,2,1,5
R00008,1,Meridian,v1_3month,9.2,55-64,Female,South,Bachelor's or higher,Suburban,1,1,1,5,1,2,3,4,5,1,2
R00009,3,Meridian,v2_12month,8.3,18-34,Male,West,Bachelor's or higher,Suburban,1,1,1,3,2,1,4,4,3,1,5
R00010,1,Meridian,v1_3month,6.3,35-54,Female,South,Some college,Urban,1,1,1,5,4,3,2,4,3,2,1
R00011,8,Colwyn,v2_12month,7.9,18-34,Male,West,Some college,Urban,0,0,0,4,5,2,3,5,1,3,4
R00012,9,Colwyn,v2_12month,6.5,18-34,Female,West,Bachelor's or higher,Rural,1,0,0,5,4,2,1,4,3,1,5
R00013,4,Colwyn,v2_12month,6.3,55-64,Male,West,Bachelor's or higher,Suburban,0,0,0,2,3,4,5,3,4,5,1
R00014,4,Colwyn,v2_12month,9.2,35-54,Female,Midwest,High school or less,Urban,1,0,0,3,2,1,5,4,3,2,1
R00015,4,Colwyn,v2_12month,9.7,18-34,Female,South,Bachelor's or higher,Suburban,0,0,0,4,5,2,3,3,4,1,2
R00016,9,Colwyn,v2_12month,8.2,18-34,Female,Midwest,Bachelor's or higher,Urban,0,0,0,5,4,2,1,1,5,3,2
R00017,9,Colwyn,v2_12month,8.8,35-54,Female,South,Some college,Urban,1,1,0,4,5,1,2,3,4,5,1
R00018,2,Meridian,v1_3month,8.7,65+,Female,Midwest,Some college,Suburban,0,0,0,4,3,2,1,3,2,1,5
R00019,9,Colwyn,v2_12month,9.6,35-54,Male,West,Some college,Suburban,1,0,0,1,2,4,5,2,3,5,1
R00020,9,Colwyn,v2_12month,5.3,18-34,Male,Northeast,High school or less,Suburban,1,0,0,5,1,3,4,4,5,2,3
R00021,6,Colwyn,v2_12month,8.9,18-34,Female,South,Bachelor's or higher,Urban,1,1,1,4,3,2,1,5,4,3,2
R00022,1,Meridian,v1_3month,5.0,35-54,Male,South,High school or less,Suburban,1,1,1,4,5,1,2,3,4,5,1
R00023,4,Colwyn,v2_12month,6.3,65+,Female,South,Bachelor's or higher,Suburban,1,0,0,4,3,1,5,5,4,2,1
R00024,6,Colwyn,v2_12month,9.3,35-54,Male,West,High school or less,Suburban,1,1,1,4,5,2,3,5,1,3,4
R00025,8,Colwyn,v2_12month,8.4,18-34,Female,Midwest,High school or less,Suburban,1,0,0,1,5,4,3,5,4,3,2
R00026,6,Colwyn,v2_12month,9.0,18-34,Male,South,Some college,Rural,0,0,0,4,5,1,2,5,1,2,3
R00027,4,Colwyn,v2_12month,5.3,18-34,Male,South,High school or less,Urban,1,0,0,4,3,1,5,3,2,5,4
R00028,9,Colwyn,v2_12month,6.0,35-54,Female,West,High school or less,Suburban,1,0,0,4,5,2,3,3,4,1,2
R00029,2,Meridian,v1_3month,7.7,35-54,Male,Midwest,Bachelor's or higher,Urban,1,1,0,5,5,5,5,5,5,5,5
R00030,8,Colwyn,v2_12month,5.5,18-34,Female,Midwest,High school or less,Suburban,1,1,1,5,4,2,1,1,5,3,2
R00031,9,Colwyn,v2_12month,2.4,18-34,Female,Midwest,Some college,Suburban,1,0,0,1,2,3,4,5,1,2,3
R00032,4,Colwyn,v2_12month,8.6,18-34,Male,West,High school or less,Urban,0,0,0,5,4,3,2,1,5,4,3
R00033,5,Colwyn,v2_12month,9.1,35-54,Male,West,High school or less,Urban,1,0,0,2,3,5,1,1,2,4,5
R00034,6,Colwyn,v2_12month,5.8,18-34,Male,West,High school or less,Urban,1,0,0,1,5,3,2,5,4,2,1
R00035,4,Colwyn,v2_12month,6.6,18-34,Female,Midwest,Bachelor's or higher,Suburban,1,0,0,5,1,2,3,1,2,3,4
R00036,4,Colwyn,v2_12month,8.4,18-34,Female,Midwest,Bachelor's or higher,Urban,0,0,0,5,4,3,2,5,4,2,1
R00037,2,Meridian,v1_3month,5.8,55-64,Male,Midwest,High school or less,Suburban,0,0,0,2,3,5,1,3,4,1,2
R00038,4,Colwyn,v2_12month,8.2,35-54,Male,South,Bachelor's or higher,Urban,1,0,0,5,4,3,1,1,5,3,2
R00039,1,Meridian,v1_3month,5.5,18-34,Male,Northeast,Bachelor's or higher,Suburban,0,0,0,5,1,2,3,4,5,1,2
R00040,2,Meridian,v1_3month,6.7,65+,Female,Midwest,Bachelor's or higher,Urban,1,0,0,2,3,4,5,3,4,5,1
R00041,4,Colwyn,v2_12month,5.2,18-34,Male,Midwest,High school or less,Urban,0,0,0,3,2,5,4,2,1,4,3
R00042,6,Colwyn,v2_12month,9.1,35-54,Female,South,High school or less,Suburban,0,0,0,2,3,5,1,3,4,1,2
R00043,7,Colwyn,v2_12month,6.1,35-54,Male,West,Bachelor's or higher,Urban,1,1,0,5,4,3,2,4,3,2,1
R00044,9,Colwyn,v2_12month,10.0,18-34,Male,Midwest,Bachelor's or higher,Suburban,1,0,0,2,3,4,5,1,2,3,4
R00045,3,Meridian,v2_12month,6.2,35-54,Female,South,Some college,Urban,0,0,0,5,4,2,1,1,5,3,2
R00046,9,Colwyn,v2_12month,5.2,18-34,Male,Midwest,High school or less,Suburban,0,0,0,2,3,5,1,1,2,4,5
R00047,7,Colwyn,v2_12month,7.1,18-34,Female,South,Some college,Urban,0,0,0,1,5,4,3,2,1,5,4
R00048,7,Colwyn,v2_12month,7.6,18-34,Female,Midwest,High school or less,Urban,0,0,0,4,5,1,2,5,1,2,3
R00049,3,Meridian,v2_12month,9.1,55-64,Male,Northeast,High school or less,Suburban,1,0,0,2,1,4,3,1,5,3,2
R00050,8,Colwyn,v2_12month,6.9,35-54,Male,West,Some college,Suburban,1,1,0,3,2,1,5,4,3,2,1
R00051,6,Colwyn,v2_12month,6.9,18-34,Male,Midwest,Bachelor's or higher,Urban,0,0,0,2,3,5,1,1,2,4,5
R00052,4,Colwyn,v2_12month,9.3,18-34,Male,South,Bachelor's or higher,Urban,0,0,0,2,1,4,3,3,2,5,4
R00053,1,Meridian,v1_3month,5.4,18-34,Male,West,Bachelor's or higher,Suburban,1,0,0,3,4,5,1,2,3,4,5
R00054,2,Meridian,v1_3month,7.5,55-64,Male,West,Bachelor's or higher,Urban,1,0,0,2,1,5,4,1,5,4,3
R00055,6,Colwyn,v2_12month,8.0,18-34,Female,Northeast,High school or less,Suburban,0,0,0,2,3,5,1,3,4,1,2
R00056,6,Colwyn,v2_12month,5.6,35-54,Male,Midwest,Bachelor's or higher,Suburban,0,0,0,3,2,5,4,2,1,4,3
R00057,2,Meridian,v1_3month,6.4,35-54,Male,South,Bachelor's or higher,Suburban,1,0,0,1,2,3,4,2,3,4,5
R00058,9,Colwyn,v2_12month,6.3,18-34,Male,Midwest,High school or less,Rural,0,0,0,4,3,2,1,5,4,3,2
R00059,5,Colwyn,v2_12month,9.0,18-34,Female,West,Bachelor's or higher,Rural,0,0,0,4,5,2,3,3,4,1,2
R00060,4,Colwyn,v2_12month,2.4,55-64,Male,West,Bachelor's or higher,Urban,0,0,0,3,4,1,2,4,5,2,3
R00061,9,Colwyn,v2_12month,5.7,35-54,Male,South,High school or less,Rural,1,1,1,5,4,3,2,4,3,2,1
R00062,5,Colwyn,v2_12month,5.7,35-54,Male,West,Bachelor's or higher,Rural,0,0,0,4,5,1,2,5,1,2,3
R00063,8,Colwyn,v2_12month,7.2,18-34,Female,South,Bachelor's or higher,Urban,1,0,0,5,4,2,1,4,3,1,5
R00064,5,Colwyn,v2_12month,5.1,65+,Female,West,High school or less,Urban,0,0,0,1,2,4,5,5,1,3,4
R00065,9,Colwyn,v2_12month,5.1,18-34,Male,West,Some college,Suburban,0,0,0,3,2,1,5,4,3,2,1
R00066,8,Colwyn,v2_12month,9.4,18-34,Female,South,Bachelor's or higher,Urban,1,0,0,4,5,1,2,3,4,5,1
R00067,8,Colwyn,v2_12month,7.5,18-34,Female,South,Bachelor's or higher,Urban,0,0,0,1,5,3,2,2,1,4,3
R00068,8,Colwyn,v2_12month,8.5,55-64,Female,South,Some college,Rural,1,0,0,1,2,4,5,2,3,5,1
R00069,4,Colwyn,v2_12month,9.4,55-64,Female,South,Some college,Suburban,1,0,0,3,2,1,5,2,1,5,4
R00070,3,Meridian,v2_12month,4.9,35-54,Female,West,Bachelor's or higher,Urban,1,0,0,3,3,3,3,3,3,3,3
R00071,4,Colwyn,v2_12month,7.4,35-54,Female,West,Some college,Urban,0,0,0,2,3,4,5,3,4,5,1
R00072,4,Colwyn,v2_12month,9.8,55-64,Female,West,High school or less,Suburban,1,1,1,2,1,5,4,1,5,4,3
R00073,4,Colwyn,v2_12month,7.3,55-64,Female,West,Bachelor's or higher,Urban,1,1,1,5,1,3,4,1,2,4,5
R00074,2,Meridian,v1_3month,7.4,55-64,Female,West,Some college,Rural,1,1,1,2,1,4,3,3,2,5,4
R00075,7,Colwyn,v2_12month,9.9,35-54,Male,West,Some college,Rural,1,0,0,1,2,3,4,5,1,2,3
R00076,5,Colwyn,v2_12month,9.7,18-34,Male,South,Some college,Urban,1,1,1,1,5,4,3,2,1,5,4
R00077,2,Meridian,v1_3month,5.0,35-54,Male,Midwest,High school or less,Rural,0,0,0,2,3,5,1,1,2,4,5
R00078,9,Colwyn,v2_12month,8.0,18-34,Male,Midwest,Bachelor's or higher,Urban,1,0,0,4,3,1,5,3,2,5,4
R00079,7,Colwyn,v2_12month,5.9,35-54,Female,Midwest,Bachelor's or higher,Suburban,1,0,0,3,4,5,1,4,5,1,2
R00080,5,Colwyn,v2_12month,8.8,18-34,Female,West,Bachelor's or higher,Urban,0,0,0,5,1,2,3,4,5,1,2
R00081,1,Meridian,v1_3month,8.4,55-64,Male,Midwest,Bachelor's or higher,Urban,1,0,0,4,3,1,5,5,4,2,1
R00082,7,Colwyn,v2_12month,7.5,18-34,Female,West,Bachelor's or higher,Suburban,1,0,0,1,2,4,5,5,1,3,4
R00083,3,Meridian,v2_12month,5.7,65+,Male,Midwest,Some college,Urban,1,1,0,4,4,4,4,4,4,4,4
R00084,2,Meridian,v1_3month,5.0,55-64,Male,West,Bachelor's or higher,Rural,1,1,1,5,1,2,3,1,2,3,4
R00085,9,Colwyn,v2_12month,9.3,18-34,Female,Northeast,Bachelor's or higher,Suburban,0,0,0,5,4,2,1,4,3,1,5
R00086,9,Colwyn,v2_12month,9.2,18-34,Male,West,High school or less,Urban,1,0,0,5,1,3,4,1,2,4,5
R00087,5,Colwyn,v2_12month,5.0,18-34,Female,South,Some college,Urban,0,0,0,3,2,1,5,2,1,5,4
R00088,9,Colwyn,v2_12month,5.0,18-34,Male,West,Bachelor's or higher,Urban,0,0,0,3,4,5,1,2,3,4,5
R00089,6,Colwyn,v2_12month,8.3,18-34,Female,South,Bachelor's or higher,Rural,0,0,0,1,5,3,2,2,1,4,3
R00090,4,Colwyn,v2_12month,6.6,18-34,Male,West,Some college,Urban,1,1,1,1,5,4,3,5,4,3,2
R00091,8,Colwyn,v2_12month,9.7,18-34,Female,South,Some college,Urban,1,1,1,2,3,5,1,3,4,1,2
R00092,1,Meridian,v1_3month,8.7,35-54,Male,South,Some college,Suburban,1,1,1,3,2,5,4,2,1,4,3
R00093,8,Colwyn,v2_12month,2.3,18-34,Female,Midwest,Bachelor's or higher,Suburban,0,0,0,2,3,4,5,3,4,5,1
R00094,4,Colwyn,v2_12month,8.7,35-54,Male,Midwest,High school or less,Suburban,1,1,1,1,5,4,3,2,1,5,4
R00095,7,Colwyn,v2_12month,9.2,55-64,Male,Midwest,High school or less,Urban,1,0,0,4,5,2,3,3,4,1,2
R00096,5,Colwyn,v2_12month,7.8,18-34,Male,West,Bachelor's or higher,Urban,0,0,0,1,5,3,2,2,1,4,3
R00097,9,Colwyn,v2_12month,5.3,55-64,Female,South,Bachelor's or higher,Rural,1,0,0,3,4,5,1,2,3,4,5
R00098,5,Colwyn,v2_12month,5.4,35-54,Female,Midwest,Some college,Suburban,1,1,1,1,5,4,3,5,4,3,2
R00099,5,Colwyn,v2_12month,8.1,18-34,Male,West,Bachelor's or higher,Urban,0,0,0,4,5,2,3,5,1,3,4
R00100,8,Colwyn,v2_12month,8.9,18-34,Male,Midwest,High school or less,Rural,0,0,0,1,1,1,1,1,1,1,1
R00101,8,Colwyn,v2_12month,7.6,18-34,Female,Northeast,High school or less,Urban,1,0,0,3,4,5,1,2,3,4,5
R00102,7,Colwyn,v2_12month,6.8,18-34,Female,South,Some college,Suburban,1,0,0,1,5,4,3,2,1,5,4
R00103,2,Meridian,v1_3month,6.1,18-34,Male,Midwest,Some college,Rural,1,0,0,2,3,5,1,1,2,4,5
R00104,3,Meridian,v2_12month,5.1,55-64,Male,South,Some college,Rural,1,0,0,2,1,4,3,1,5,3,2
R00105,4,Colwyn,v2_12month,7.7,18-34,Female,Northeast,High school or less,Urban,0,0,0,1,2,3,4,2,3,4,5
R00106,6,Colwyn,v2_12month,5.8,18-34,Male,South,Bachelor's or higher,Urban,0,0,0,3,3,3,3,3,3,3,3
R00107,4,Colwyn,v2_12month,6.7,18-34,Female,Midwest,Bachelor's or higher,Urban,0,0,0,3,4,1,2,4,5,2,3
R00108,4,Colwyn,v2_12month,5.3,35-54,Female,South,High school or less,Urban,1,0,0,2,1,4,3,3,2,5,4
R00109,4,Colwyn,v2_12month,6.0,18-34,Male,Northeast,Bachelor's or higher,Suburban,0,0,0,1,2,3,4,5,1,2,3
R00110,9,Colwyn,v2_12month,6.8,18-34,Female,South,Bachelor's or higher,Suburban,1,0,0,3,4,1,2,2,3,5,1
R00111,9,Colwyn,v2_12month,6.3,18-34,Female,South,Some college,Urban,0,0,0,5,4,3,2,1,5,4,3
R00112,5,Colwyn,v2_12month,6.4,18-34,Male,West,High school or less,Urban,0,0,0,2,3,4,5,1,2,3,4
R00113,6,Colwyn,v2_12month,2.4,35-54,Female,Midwest,High school or less,Urban,0,0,0,5,4,2,1,1,5,3,2
R00114,1,Meridian,v1_3month,5.6,65+,Male,Northeast,High school or less,Urban,1,1,0,1,2,4,5,2,3,5,1
R00115,6,Colwyn,v2_12month,2.2,18-34,Female,Midwest,Bachelor's or higher,Urban,1,0,0,5,4,3,2,4,3,2,1
R00116,1,Meridian,v1_3month,9.5,65+,Male,West,High school or less,Urban,1,0,0,1,2,3,4,2,3,4,5
R00117,6,Colwyn,v2_12month,9.8,35-54,Female,South,Bachelor's or higher,Rural,1,1,1,2,1,4,3,1,5,3,2
R00118,8,Colwyn,v2_12month,6.9,18-34,Male,South,Bachelor's or higher,Urban,0,0,0,5,2,3,4,5,1,3,4
R00119,8,Colwyn,v2_12month,8.1,35-54,Male,Midwest,High school or less,Suburban,0,0,0,4,3,2,1,5,4,3,2
R00120,5,Colwyn,v2_12month,8.9,65+,Female,Northeast,High school or less,Suburban,0,0,0,2,1,5,4,1,5,4,3
R00121,9,Colwyn,v2_12month,9.4,35-54,Male,South,Some college,Rural,0,0,0,1,2,4,5,2,3,5,1
R00122,9,Colwyn,v2_12month,7.0,65+,Female,South,High school or less,Rural,1,0,0,2,1,4,3,1,5,3,2
R00123,5,Colwyn,v2_12month,7.9,35-54,Female,Northeast,High school or less,Suburban,0,0,0,5,1,2,3,1,2,3,4
R00124,1,Meridian,v1_3month,8.3,18-34,Male,Midwest,High school or less,Urban,0,0,0,2,1,5,4,3,2,1,5
R00125,8,Colwyn,v2_12month,8.4,18-34,Female,South,Bachelor's or higher,Urban,0,0,0,1,2,4,5,5,1,3,4
R00126,6,Colwyn,v2_12month,5.5,18-34,Female,West,Bachelor's or higher,Urban,1,0,0,1,5,3,2,2,1,4,3
R00127,4,Colwyn,v2_12month,6.8,35-54,Female,Midwest,Bachelor's or higher,Rural,1,0,0,2,3,4,5,1,2,3,4
R00128,8,Colwyn,v2_12month,5.7,35-54,Male,South,Bachelor's or higher,Suburban,1,1,1,1,5,4,3,5,4,3,2
R00129,4,Colwyn,v2_12month,7.1,18-34,Male,South,Some college,Suburban,1,0,0,4,5,2,3,5,1,3,4
R00130,8,Colwyn,v2_12month,8.7,35-54,Male,South,Some college,Urban,0,0,0,4,5,1,2,3,4,5,1
R00131,8,Colwyn,v2_12month,7.9,18-34,Female,South,Bachelor's or higher,Urban,1,0,0,5,4,2,1,1,5,3,2
R00132,2,Meridian,v1_3month,7.2,65+,Male,Midwest,Bachelor's or higher,Urban,1,0,0,5,1,3,4,4,5,2,3
R00133,6,Colwyn,v2_12month,5.1,35-54,Female,South,High school or less,Urban,1,0,0,3,2,1,5,4,3,2,1
R00134,9,Colwyn,v2_12month,9.0,18-34,Male,South,Some college,Suburban,0,0,0,3,4,5,1,4,5,1,2
R00135,5,Colwyn,v2_12month,2.0,18-34,Female,South,Some college,Suburban,0,0,0,1,5,3,2,5,4,2,1
R00136,4,Colwyn,v2_12month,5.6,35-54,Female,South,High school or less,Rural,1,0,0,4,5,2,3,5,1,3,4
R00137,9,Colwyn,v2_12month,9.1,18-34,Male,Midwest,Bachelor's or higher,Rural,1,1,1,1,5,4,3,5,4,3,2
R00138,4,Colwyn,v2_12month,6.2,35-54,Female,South,High school or less,Suburban,1,0,0,1,2,4,5,1,2,3,4
R00139,6,Colwyn,v2_12month,7.6,55-64,Male,South,Bachelor's or higher,Urban,1,0,0,5,4,2,1,1,5,3,2
R00140,4,Colwyn,v2_12month,5.8,18-34,Female,Midwest,Some college,Urban,0,0,0,4,3,1,5,3,2,5,4
R00141,1,Meridian,v1_3month,7.8,35-54,Male,South,Some college,Suburban,1,1,1,1,2,3,4,2,3,4,5
R00142,7,Colwyn,v2_12month,7.9,18-34,Female,Midwest,Bachelor's or higher,Suburban,0,0,0,4,3,2,1,3,2,1,5
R00143,1,Meridian,v1_3month,6.0,35-54,Female,South,High school or less,Rural,1,0,0,2,3,5,1,3,4,1,2
R00144,6,Colwyn,v2_12month,8.4,55-64,Female,South,Bachelor's or higher,Rural,0,0,0,2,2,2,2,2,2,2,2
R00145,9,Colwyn,v2_12month,9.2,35-54,Male,South,Some college,Urban,1,0,0,2,3,4,5,1,2,3,4
R00146,7,Colwyn,v2_12month,9.0,35-54,Female,South,High school or less,Urban,1,1,0,4,4,4,4,4,4,4,4
R00147,3,Meridian,v2_12month,6.0,55-64,Female,West,Bachelor's or higher,Rural,1,0,0,3,4,1,2,2,3,5,1
R00148,6,Colwyn,v2_12month,7.1,55-64,Male,South,Bachelor's or higher,Urban,1,1,1,5,4,2,1,4,3,1,5
R00149,5,Colwyn,v2_12month,6.9,18-34,Female,South,Bachelor's or higher,Suburban,0,0,0,4,5,1,2,5,1,2,3
R00150,1,Meridian,v1_3month,4.8,55-64,Male,South,Bachelor's or higher,Urban,0,0,0,1,2,4,5,2,3,5,1
R00151,4,Colwyn,v2_12month,9.5,18-34,Female,West,High school or less,Suburban,1,0,0,1,5,4,3,5,4,3,2
R00152,6,Colwyn,v2_12month,8.4,55-64,Female,West,Some college,Urban,1,0,0,1,2,3,4,2,3,4,5
R00153,3,Meridian,v2_12month,9.8,35-54,Male,West,Bachelor's or higher,Suburban,1,1,1,1,5,3,2,5,4,2,1
R00154,4,Colwyn,v2_12month,5.9,18-34,Male,Northeast,Some college,Suburban,0,0,0,2,3,5,1,1,2,4,5
R00155,5,Colwyn,v2_12month,9.6,35-54,Female,West,Some college,Suburban,1,0,0,1,5,4,3,2,1,5,4
R00156,5,Colwyn,v2_12month,7.4,18-34,Female,South,High school or less,Urban,1,0,0,2,3,4,5,1,2,3,4
R00157,7,Colwyn,v2_12month,4.9,18-34,Female,South,High school or less,Urban,0,0,0,3,2,5,4,4,3,1,5
R00158,5,Colwyn,v2_12month,7.7,18-34,Male,South,High school or less,Suburban,0,0,0,4,5,2,3,5,1,3,4
R00159,7,Colwyn,v2_12month,8.6,35-54,Female,South,Bachelor's or higher,Suburban,1,1,1,3,2,1,5,2,1,5,4
R00160,5,Colwyn,v2_12month,7.9,55-64,Female,South,High school or less,Suburban,1,0,0,4,3,2,1,5,4,3,2
R00161,9,Colwyn,v2_12month,7.9,18-34,Male,Midwest,Bachelor's or higher,Urban,0,0,0,1,2,4,5,5,1,3,4
R00162,7,Colwyn,v2_12month,8.5,18-34,Female,South,Bachelor's or higher,Urban,0,0,0,1,5,3,2,2,1,4,3
R00163,9,Colwyn,v2_12month,9.3,35-54,Female,South,Bachelor's or higher,Urban,0,0,0,4,5,1,2,3,4,5,1
R00164,2,Meridian,v1_3month,6.7,35-54,Female,South,Some college,Rural,1,0,0,5,4,3,2,4,3,2,1
R00165,6,Colwyn,v2_12month,8.4,18-34,Male,Northeast,Some college,Urban,0,0,0,3,4,1,2,4,5,2,3
R00166,6,Colwyn,v2_12month,5.9,65+,Male,Midwest,Some college,Suburban,1,0,0,5,4,2,1,4,3,1,5
R00167,1,Meridian,v1_3month,9.8,35-54,Male,South,Some college,Suburban,0,0,0,5,1,2,3,1,2,3,4
R00168,9,Colwyn,v2_12month,2.3,35-54,Female,West,Bachelor's or higher,Suburban,0,0,0,1,5,4,3,2,1,5,4
R00169,4,Colwyn,v2_12month,7.2,18-34,Female,South,Some college,Urban,0,0,0,2,4,5,1,2,3,5,1
R00170,9,Colwyn,v2_12month,9.4,65+,Male,West,High school or less,Urban,1,0,0,3,4,5,1,4,5,1,2
R00171,3,Meridian,v2_12month,9.6,55-64,Female,South,Bachelor's or higher,Suburban,1,0,0,5,4,2,1,4,3,1,5
R00172,4,Colwyn,v2_12month,5.4,55-64,Female,Northeast,High school or less,Urban,0,0,0,4,5,2,3,5,1,3,4
R00173,2,Meridian,v1_3month,7.0,65+,Female,West,Some college,Rural,1,1,1,3,2,1,5,2,1,5,4
R00174,7,Colwyn,v2_12month,6.3,18-34,Male,South,High school or less,Urban,1,1,1,5,1,2,3,4,5,1,2
R00175,6,Colwyn,v2_12month,6.5,18-34,Male,Midwest,Some college,Rural,1,0,0,3,2,5,4,4,3,1,5
R00176,9,Colwyn,v2_12month,7.9,18-34,Male,Midwest,Some college,Urban,0,0,0,5,1,3,4,4,5,2,3
R00177,2,Meridian,v1_3month,7.2,18-34,Female,South,High school or less,Urban,1,0,0,4,3,2,1,5,4,3,2
R00178,8,Colwyn,v2_12month,5.1,18-34,Female,Midwest,Bachelor's or higher,Suburban,0,0,0,2,3,4,5,3,4,5,1
R00179,6,Colwyn,v2_12month,6.5,35-54,Male,South,High school or less,Suburban,1,1,1,3,2,5,4,2,1,4,3
R00180,9,Colwyn,v2_12month,5.0,18-34,Female,South,Bachelor's or higher,Urban,1,0,0,3,2,5,4,4,3,1,5
R00181,4,Colwyn,v2_12month,5.1,55-64,Male,Midwest,Bachelor's or higher,Urban,1,0,0,5,1,2,3,4,5,1,2
R00182,2,Meridian,v1_3month,7.7,35-54,Male,West,Bachelor's or higher,Rural,0,0,0,4,3,2,1,5,4,3,2
R00183,9,Colwyn,v2_12month,2.2,18-34,Female,West,High school or less,Suburban,1,1,1,2,3,5,1,1,2,4,5
R00184,1,Meridian,v1_3month,8.2,65+,Male,West,High school or less,Urban,1,0,0,1,5,3,2,5,4,2,1
R00185,9,Colwyn,v2_12month,6.7,65+,Female,Northeast,High school or less,Urban,1,0,0,5,1,2,3,1,2,3,4
R00186,5,Colwyn,v2_12month,6.6,18-34,Male,West,Some college,Urban,0,0,0,1,5,4,3,5,4,3,2
R00187,8,Colwyn,v2_12month,9.6,18-34,Male,Northeast,Bachelor's or higher,Urban,1,1,1,5,1,3,4,1,2,4,5
R00188,1,Meridian,v1_3month,5.1,65+,Female,South,Some college,Suburban,1,1,1,1,5,3,2,2,1,4,3
R00189,8,Colwyn,v2_12month,9.0,35-54,Male,South,High school or less,Urban,1,0,0,2,3,4,5,1,2,3,4
R00190,1,Meridian,v1_3month,7.9,35-54,Female,South,Bachelor's or higher,Suburban,0,0,0,4,5,1,2,3,4,1,2
R00191,9,Colwyn,v2_12month,7.9,65+,Male,South,High school or less,Urban,0,0,0,4,3,2,1,5,4,3,2
R00192,6,Colwyn,v2_12month,6.4,35-54,Female,Midwest,Bachelor's or higher,Suburban,1,1,1,4,5,1,2,3,4,5,1
R00193,5,Colwyn,v2_12month,6.8,18-34,Female,South,High school or less,Suburban,0,0,0,3,2,5,4,4,3,1,5
R00194,2,Meridian,v1_3month,9.0,65+,Male,South,Some college,Rural,1,1,1,3,4,1,2,4,5,2,3
R00195,7,Colwyn,v2_12month,8.5,55-64,Female,Midwest,Bachelor's or higher,Urban,1,1,1,4,3,2,1,3,2,1,5
R00196,7,Colwyn,v2_12month,7.4,35-54,Female,Midwest,High school or less,Suburban,1,1,0,2,3,4,5,3,4,5,1
R00197,8,Colwyn,v2_12month,6.5,18-34,Male,South,Some college,Urban,1,0,0,4,3,1,5,3,2,5,4
R00198,6,Colwyn,v2_12month,4.8,55-64,Male,Midwest,High school or less,Urban,1,0,0,5,1,3,4,4,5,2,3
R00199,2,Meridian,v1_3month,7.3,18-34,Female,South,Bachelor's or higher,Urban,0,0,0,5,4,3,2,1,5,4,3
R00200,4,Colwyn,v2_12month,9.8,18-34,Female,South,Bachelor's or higher,Suburban,1,1,0,1,2,4,5,5,1,3,4
R00201,8,Colwyn,v2_12month,9.8,18-34,Female,South,Some college,Suburban,0,0,0,4,3,2,1,5,4,3,2
R00202,7,Colwyn,v2_12month,8.9,18-34,Female,South,Some college,Urban,1,0,0,5,1,2,3,4,5,1,2
R00203,7,Colwyn,v2_12month,7.1,18-34,Female,Midwest,Bachelor's or higher,Urban,0,0,0,2,1,4,3,3,2,5,4
R00204,4,Colwyn,v2_12month,8.2,35-54,Male,West,Some college,Urban,0,0,0,4,5,2,3,5,1,3,4
R00205,8,Colwyn,v2_12month,5.2,18-34,Female,South,High school or less,Suburban,1,1,1,1,5,4,3,5,4,3,2
R00206,5,Colwyn,v2_12month,5.2,35-54,Male,West,Bachelor's or higher,Suburban,1,0,0,4,5,1,2,5,1,2,3
R00207,8,Colwyn,v2_12month,6.8,18-34,Female,Midwest,Bachelor's or higher,Rural,1,0,0,5,4,2,1,4,3,1,5
R00208,5,Colwyn,v2_12month,8.0,35-54,Female,West,Bachelor's or higher,Urban,0,0,0,2,3,5,1,1,2,4,5
R00209,4,Colwyn,v2_12month,9.7,35-54,Male,West,High school or less,Suburban,0,0,0,1,5,4,3,2,1,5,4
R00210,1,Meridian,v1_3month,7.0,35-54,Female,South,Some college,Suburban,1,1,1,2,1,4,3,3,2,5,4
R00211,6,Colwyn,v2_12month,9.4,35-54,Female,West,Some college,Rural,1,1,1,1,2,3,4,5,1,2,3
R00212,4,Colwyn,v2_12month,9.3,18-34,Male,South,High school or less,Urban,0,0,0,2,1,5,4,3,2,1,5
R00213,1,Meridian,v1_3month,9.8,35-54,Female,Northeast,High school or less,Rural,1,1,0,3,4,1,2,2,3,5,1
R00214,2,Meridian,v1_3month,9.6,18-34,Female,South,Bachelor's or higher,Urban,1,0,0,2,1,4,3,1,5,3,2
R00215,3,Meridian,v2_12month,6.9,55-64,Female,West,Some college,Suburban,1,1,1,2,3,4,5,3,4,5,1
R00216,3,Meridian,v2_12month,9.4,55-64,Female,West,High school or less,Suburban,1,1,1,2,1,5,4,1,5,4,3
R00217,2,Meridian,v1_3month,6.9,65+,Male,South,Bachelor's or higher,Urban,1,1,1,1,2,4,5,2,3,5,1
R00218,3,Meridian,v2_12month,8.3,65+,Female,West,Bachelor's or higher,Suburban,0,0,0,2,2,2,2,2,2,2,2
R00219,1,Meridian,v1_3month,9.2,55-64,Male,Midwest,Some college,Suburban,0,0,0,4,5,1,2,3,4,5,1
R00220,9,Colwyn,v2_12month,9.5,18-34,Male,Midwest,High school or less,Urban,1,1,0,3,4,5,1,2,3,4,5
R00221,2,Meridian,v1_3month,5.7,35-54,Female,Midwest,Some college,Urban,1,0,0,1,5,3,2,2,1,4,3
R00222,8,Colwyn,v2_12month,9.9,18-34,Male,Midwest,High school or less,Suburban,0,0,0,3,4,1,2,2,3,5,1
R00223,7,Colwyn,v2_12month,6.6,18-34,Male,Midwest,Some college,Urban,0,0,0,2,2,2,2,2,2,2,2
R00224,1,Meridian,v1_3month,6.2,65+,Female,Northeast,Bachelor's or higher,Urban,1,1,1,2,3,4,5,3,4,5,1
R00225,5,Colwyn,v2_12month,10.0,18-34,Male,Midwest,High school or less,Rural,0,0,0,3,2,5,4,2,1,4,3
R00226,5,Colwyn,v2_12month,8.6,35-54,Female,Midwest,Bachelor's or higher,Suburban,0,0,0,2,3,5,1,3,4,1,2
R00227,6,Colwyn,v2_12month,5.7,18-34,Male,South,Bachelor's or higher,Urban,1,1,0,1,5,4,3,5,4,3,2
R00228,5,Colwyn,v2_12month,6.8,18-34,Female,Midwest,High school or less,Rural,0,0,0,5,1,2,3,4,5,1,2
R00229,5,Colwyn,v2_12month,6.0,35-54,Male,Northeast,Some college,Suburban,1,1,1,1,5,3,2,2,1,4,3
R00230,5,Colwyn,v2_12month,9.0,18-34,Female,Midwest,Some college,Urban,1,0,0,3,2,1,5,2,1,5,4
R00231,9,Colwyn,v2_12month,5.2,35-54,Female,Northeast,High school or less,Urban,1,1,1,5,1,3,4,1,2,4,5
R00232,5,Colwyn,v2_12month,6.4,18-34,Female,South,High school or less,Rural,0,0,0,5,4,2,1,4,3,1,5
R00233,4,Colwyn,v2_12month,6.1,18-34,Female,Midwest,Bachelor's or higher,Urban,0,0,0,2,3,4,1,3,4,5,1
R00234,8,Colwyn,v2_12month,5.9,65+,Male,Northeast,High school or less,Suburban,1,1,1,4,3,2,1,5,4,3,2
R00235,4,Colwyn,v2_12month,8.6,18-34,Female,South,Bachelor's or higher,Suburban,0,0,0,4,5,2,3,3,4,1,2
R00236,4,Colwyn,v2_12month,5.0,35-54,Female,Midwest,High school or less,Rural,0,0,0,4,3,1,5,5,4,2,1
R00237,5,Colwyn,v2_12month,6.1,18-34,Female,South,Bachelor's or higher,Urban,0,0,0,1,2,3,4,5,1,2,3
R00238,1,Meridian,v1_3month,7.1,35-54,Male,South,Bachelor's or higher,Urban,0,0,0,3,2,1,5,2,1,5,4
R00239,6,Colwyn,v2_12month,7.6,18-34,Female,Northeast,High school or less,Suburban,1,1,1,3,4,1,2,4,5,2,3
R00240,2,Meridian,v1_3month,5.8,55-64,Male,Midwest,Bachelor's or higher,Suburban,1,1,1,5,1,3,4,1,2,4,5
R00241,4,Colwyn,v2_12month,6.7,18-34,Female,Midwest,Some college,Urban,0,0,0,4,3,2,1,3,2,1,5
R00242,4,Colwyn,v2_12month,4.9,18-34,Female,West,Some college,Suburban,0,0,0,1,1,1,1,1,1,1,1
R00243,6,Colwyn,v2_12month,5.8,18-34,Female,West,High school or less,Urban,1,1,1,5,4,2,1,4,3,1,5
R00244,5,Colwyn,v2_12month,7.5,18-34,Female,South,Bachelor's or higher,Suburban,1,0,0,1,2,4,5,5,1,3,4
R00245,4,Colwyn,v2_12month,7.0,18-34,Female,South,Bachelor's or higher,Urban,1,1,1,3,2,1,5,4,3,2,1
R00246,9,Colwyn,v2_12month,8.9,18-34,Male,West,Some college,Suburban,0,0,0,5,1,2,3,4,5,1,2
R00247,5,Colwyn,v2_12month,5.5,18-34,Female,Midwest,High school or less,Suburban,0,0,0,4,3,1,5,5,4,2,1
R00248,7,Colwyn,v2_12month,8.1,18-34,Female,Northeast,High school or less,Suburban,1,1,1,2,3,5,1,3,4,1,2
R00249,9,Colwyn,v2_12month,7.6,35-54,Male,South,Bachelor's or higher,Urban,1,0,0,3,2,1,5,2,1,5,4
R00250,4,Colwyn,v2_12month,5.2,18-34,Female,West,High school or less,Urban,1,0,0,1,5,3,2,5,4,2,1
R00251,2,Meridian,v1_3month,2.6,65+,Female,Midwest,Bachelor's or higher,Urban,1,1,1,5,1,2,3,1,2,3,4
R00252,7,Colwyn,v2_12month,6.1,18-34,Male,West,Some college,Urban,0,0,0,4,3,2,1,3,2,1,5
R00253,6,Colwyn,v2_12month,7.4,35-54,Female,South,Bachelor's or higher,Suburban,1,1,1,5,1,3,4,1,2,4,5
R00254,3,Meridian,v2_12month,9.7,35-54,Female,South,High school or less,Urban,1,0,0,4,3,1,5,5,4,2,1
R00255,9,Colwyn,v2_12month,10.0,18-34,Male,Midwest,Bachelor's or higher,Urban,0,0,0,1,2,3,4,5,1,2,3
R00256,5,Colwyn,v2_12month,7.1,18-34,Female,South,Some college,Urban,1,1,1,5,4,3,2,1,4,3,2
R00257,9,Colwyn,v2_12month,8.7,18-34,Female,Midwest,Bachelor's or higher,Suburban,1,0,0,1,2,4,5,5,1,3,4
R00258,9,Colwyn,v2_12month,9.2,35-54,Male,West,High school or less,Urban,1,1,0,5,4,2,1,4,3,1,5
R00259,7,Colwyn,v2_12month,5.9,18-34,Female,Midwest,High school or less,Urban,0,0,0,3,4,5,1,4,5,1,2
R00260,5,Colwyn,v2_12month,9.8,55-64,Male,West,Bachelor's or higher,Suburban,1,1,0,1,2,3,4,2,3,4,5
R00261,6,Colwyn,v2_12month,6.5,18-34,Male,South,Bachelor's or higher,Suburban,0,0,0,3,2,5,4,2,1,4,3
R00262,5,Colwyn,v2_12month,7.9,35-54,Male,West,Some college,Urban,1,0,0,2,3,5,1,3,4,1,2
R00263,1,Meridian,v1_3month,9.8,35-54,Female,South,Some college,Suburban,0,0,0,4,3,2,1,3,2,1,5
R00264,9,Colwyn,v2_12month,8.8,18-34,Female,South,Some college,Urban,0,0,0,3,4,5,1,2,3,4,5
R00265,6,Colwyn,v2_12month,8.2,55-64,Female,Midwest,Bachelor's or higher,Urban,1,0,0,4,3,1,5,5,4,2,1
R00266,4,Colwyn,v2_12month,8.0,18-34,Male,Midwest,Bachelor's or higher,Urban,1,0,0,3,4,1,2,2,3,5,1
R00267,5,Colwyn,v2_12month,7.5,35-54,Female,Midwest,Bachelor's or higher,Urban,1,0,0,1,5,4,3,2,1,5,4
R00268,8,Colwyn,v2_12month,8.9,35-54,Male,South,Some college,Rural,0,0,0,3,4,5,1,4,5,1,2
R00269,7,Colwyn,v2_12month,8.0,18-34,Female,South,High school or less,Suburban,1,0,0,4,3,1,5,3,2,5,4
R00270,6,Colwyn,v2_12month,2.3,18-34,Female,South,Some college,Urban,0,0,0,3,2,1,5,4,3,2,1
R00271,9,Colwyn,v2_12month,5.3,18-34,Male,Northeast,High school or less,Suburban,0,0,0,4,5,2,3,3,4,1,2
R00272,4,Colwyn,v2_12month,6.3,35-54,Male,Midwest,High school or less,Urban,1,1,0,2,1,4,3,3,2,5,4
R00273,1,Meridian,v1_3month,5.0,18-34,Female,South,Bachelor's or higher,Suburban,0,0,0,3,4,5,1,2,3,4,5
R00274,8,Colwyn,v2_12month,8.5,35-54,Female,West,High school or less,Suburban,1,0,0,5,4,3,2,4,3,2,1
R00275,6,Colwyn,v2_12month,7.6,35-54,Female,South,High school or less,Suburban,1,0,0,2,3,5,1,3,4,1,2
R00276,1,Meridian,v1_3month,5.3,35-54,Male,South,High school or less,Urban,0,0,0,1,1,1,1,1,1,1,1
R00277,6,Colwyn,v2_12month,7.3,18-34,Male,South,High school or less,Suburban,1,1,1,2,3,4,1,3,4,5,1
R00278,2,Meridian,v1_3month,7.8,35-54,Male,Midwest,Bachelor's or higher,Urban,1,0,0,5,4,3,2,1,5,4,3
R00279,6,Colwyn,v2_12month,6.0,35-54,Female,West,High school or less,Suburban,0,0,0,3,4,1,2,2,3,5,1
R00280,8,Colwyn,v2_12month,8.2,65+,Female,South,Bachelor's or higher,Suburban,1,0,0,1,2,4,5,5,1,3,4
R00281,2,Meridian,v1_3month,5.3,18-34,Male,Midwest,High school or less,Urban,1,0,0,5,4,3,2,1,5,4,3
R00282,6,Colwyn,v2_12month,6.2,35-54,Male,West,Some college,Urban,0,0,0,3,4,5,1,2,3,4,5
R00283,6,Colwyn,v2_12month,5.7,18-34,Female,South,Some college,Suburban,1,0,0,1,5,3,2,2,1,4,3
R00284,2,Meridian,v1_3month,8.8,65+,Female,South,High school or less,Rural,1,1,1,2,3,5,1,3,4,1,2
R00285,4,Colwyn,v2_12month,9.6,65+,Male,South,High school or less,Rural,1,0,0,4,3,2,1,3,2,1,5
R00286,9,Colwyn,v2_12month,9.8,35-54,Male,West,Some college,Urban,1,0,0,1,2,3,4,2,3,4,5
R00287,9,Colwyn,v2_12month,8.9,18-34,Female,West,High school or less,Suburban,1,1,1,3,3,3,3,3,3,3,3
R00288,6,Colwyn,v2_12month,8.9,18-34,Male,South,High school or less,Urban,1,1,1,5,1,3,4,4,5,2,3
R00289,6,Colwyn,v2_12month,8.4,65+,Female,South,Bachelor's or higher,Urban,1,1,1,4,3,2,1,5,4,3,2
R00290,4,Colwyn,v2_12month,8.6,18-34,Male,West,Bachelor's or higher,Suburban,0,0,0,2,1,4,3,3,2,5,4
R00291,2,Meridian,v1_3month,1.7,65+,Female,Midwest,Bachelor's or higher,Rural,1,1,1,4,5,1,2,3,4,5,1
R00292,6,Colwyn,v2_12month,9.3,35-54,Male,Northeast,Bachelor's or higher,Urban,0,0,0,3,2,1,5,4,3,2,1
R00293,7,Colwyn,v2_12month,10.0,55-64,Male,Northeast,High school or less,Urban,1,1,0,4,5,2,3,3,4,1,2
R00294,9,Colwyn,v2_12month,8.2,18-34,Male,Midwest,Some college,Urban,0,0,0,5,4,2,1,4,3,1,5
R00295,7,Colwyn,v2_12month,6.3,18-34,Female,Midwest,Bachelor's or higher,Suburban,0,0,0,2,3,4,5,3,4,5,1
R00296,8,Colwyn,v2_12month,9.0,35-54,Female,Midwest,Bachelor's or higher,Suburban,1,1,0,2,1,5,4,1,5,4,3
R00297,9,Colwyn,v2_12month,9.2,18-34,Female,South,Bachelor's or higher,Urban,0,0,0,4,5,2,3,5,1,3,4
R00298,5,Colwyn,v2_12month,5.6,55-64,Female,South,High school or less,Urban,1,0,0,2,1,4,3,3,2,5,4
R00299,9,Colwyn,v2_12month,8.6,35-54,Female,South,High school or less,Urban,1,1,1,2,3,4,5,1,2,3,4
R00300,9,Colwyn,v2_12month,9.8,18-34,Male,South,High school or less,Urban,1,0,0,4,3,2,1,5,4,3,2
R00301,9,Colwyn,v2_12month,6.8,18-34,Female,South,High school or less,Urban,0,0,0,2,3,4,1,1,2,4,5
R00302,7,Colwyn,v2_12month,8.9,18-34,Male,Midwest,High school or less,Urban,1,1,1,3,2,5,4,4,3,1,5
R00303,5,Colwyn,v2_12month,6.4,18-34,Female,South,Bachelor's or higher,Urban,0,0,0,5,1,2,3,4,5,1,2
R00304,6,Colwyn,v2_12month,7.7,18-34,Female,West,Some college,Urban,1,0,0,4,3,2,1,3,2,1,5
R00305,1,Meridian,v1_3month,5.7,65+,Female,Northeast,Bachelor's or higher,Urban,1,0,0,5,1,3,4,1,2,4,5
R00306,4,Colwyn,v2_12month,9.9,35-54,Female,South,Bachelor's or higher,Suburban,0,0,0,5,4,2,1,4,3,1,5
R00307,1,Meridian,v1_3month,7.8,65+,Male,West,High school or less,Urban,1,1,0,5,1,2,3,1,2,3,4
R00308,8,Colwyn,v2_12month,2.5,35-54,Female,West,Bachelor's or higher,Suburban,1,0,0,3,2,1,5,4,3,2,1
R00309,6,Colwyn,v2_12month,6.9,55-64,Male,South,Bachelor's or higher,Urban,1,0,0,4,5,2,3,3,4,1,2
R00310,5,Colwyn,v2_12month,6.2,35-54,Male,Northeast,Bachelor's or higher,Urban,0,0,0,4,5,1,2,4,5,1,2
R00311,6,Colwyn,v2_12month,7.0,65+,Female,South,High school or less,Rural,1,1,1,5,4,2,1,4,3,1,5
R00312,9,Colwyn,v2_12month,2.2,35-54,Male,South,Some college,Suburban,1,0,0,5,1,3,4,1,2,4,5
R00313,5,Colwyn,v2_12month,9.0,35-54,Female,Northeast,High school or less,Suburban,1,1,1,5,4,3,2,4,3,2,1
R00314,4,Colwyn,v2_12month,5.1,18-34,Female,West,Bachelor's or higher,Suburban,1,1,0,5,1,2,3,4,5,1,2
R00315,3,Meridian,v2_12month,5.6,65+,Female,South,Bachelor's or higher,Suburban,0,0,0,5,4,2,1,1,5,3,2
R00316,8,Colwyn,v2_12month,8.4,18-34,Male,South,Bachelor's or higher,Urban,1,0,0,5,1,3,4,4,5,2,3
R00317,1,Meridian,v1_3month,6.7,18-34,Male,Midwest,Bachelor's or higher,Urban,1,0,0,5,4,3,2,1,5,4,3
R00318,7,Colwyn,v2_12month,6.3,18-34,Female,Midwest,Bachelor's or higher,Urban,1,0,0,5,1,2,3,1,2,3,4
R00319,7,Colwyn,v2_12month,8.3,18-34,Male,Northeast,High school or less,Urban,0,0,0,2,1,4,3,1,5,3,2
R00320,3,Meridian,v2_12month,9.6,55-64,Female,South,Bachelor's or higher,Suburban,1,0,0,4,3,1,5,3,2,5,4
R00321,9,Colwyn,v2_12month,7.7,65+,Male,South,Bachelor's or higher,Rural,1,0,0,1,2,3,4,2,3,4,5
R00322,2,Meridian,v1_3month,5.3,65+,Male,South,High school or less,Rural,1,1,0,1,5,4,3,5,4,3,2
R00323,4,Colwyn,v2_12month,5.4,18-34,Female,West,Bachelor's or higher,Urban,0,0,0,3,4,1,2,4,5,2,3
R00324,6,Colwyn,v2_12month,2.6,18-34,Male,Midwest,High school or less,Rural,0,0,0,1,5,3,2,2,1,4,3
R00325,4,Colwyn,v2_12month,6.3,18-34,Female,South,High school or less,Urban,1,0,0,3,4,5,1,2,3,4,5
R00326,2,Meridian,v1_3month,5.6,65+,Female,South,High school or less,Suburban,1,1,1,2,1,5,4,3,2,1,5
R00327,9,Colwyn,v2_12month,6.2,18-34,Male,Midwest,Some college,Urban,0,0,0,3,4,1,2,2,3,5,1
R00328,3,Meridian,v2_12month,6.5,55-64,Male,South,High school or less,Suburban,1,0,0,1,5,3,2,5,4,2,1
R00329,9,Colwyn,v2_12month,2.3,18-34,Female,Midwest,Some college,Suburban,0,0,0,5,1,2,3,1,2,3,4
R00330,4,Colwyn,v2_12month,5.0,18-34,Male,West,Some college,Urban,0,0,0,1,2,4,5,2,3,5,1
R00331,6,Colwyn,v2_12month,5.8,18-34,Male,South,Some college,Urban,1,0,0,3,2,1,5,3,1,5,4
R00332,4,Colwyn,v2_12month,6.1,18-34,Male,Northeast,Bachelor's or higher,Urban,1,0,0,5,1,2,3,1,2,3,4
R00333,3,Meridian,v2_12month,5.1,55-64,Male,Midwest,Some college,Urban,1,1,0,1,5,3,2,5,4,2,1
R00334,2,Meridian,v1_3month,9.6,18-34,Female,West,Bachelor's or higher,Rural,0,0,0,5,1,3,4,4,5,2,3
R00335,5,Colwyn,v2_12month,6.8,18-34,Female,South,Some college,Suburban,0,0,0,4,3,2,1,5,4,3,2
R00336,8,Colwyn,v2_12month,7.6,18-34,Female,Northeast,Bachelor's or higher,Urban,0,0,0,2,3,4,5,1,2,3,4
R00337,8,Colwyn,v2_12month,7.2,18-34,Male,West,Bachelor's or higher,Rural,1,0,0,5,4,2,1,1,5,3,2
R00338,9,Colwyn,v2_12month,5.1,18-34,Female,Midwest,Bachelor's or higher,Suburban,0,0,0,3,4,1,2,4,5,2,3
R00339,6,Colwyn,v2_12month,6.9,55-64,Male,West,Some college,Urban,1,1,0,5,4,3,2,4,3,2,1
R00340,2,Meridian,v1_3month,9.9,18-34,Male,Midwest,Some college,Rural,0,0,0,4,3,2,1,3,2,1,5
R00341,9,Colwyn,v2_12month,9.1,65+,Female,West,Some college,Suburban,0,0,0,1,1,1,1,1,1,1,1
R00342,4,Colwyn,v2_12month,6.8,35-54,Female,South,Some college,Urban,0,0,0,2,1,4,3,1,5,3,2
R00343,8,Colwyn,v2_12month,8.7,35-54,Male,West,Some college,Rural,0,0,0,2,3,4,5,3,4,5,1
R00344,8,Colwyn,v2_12month,8.6,18-34,Female,South,Bachelor's or higher,Suburban,0,0,0,2,1,5,4,3,2,1,5
R00345,3,Meridian,v2_12month,6.7,35-54,Male,South,Some college,Rural,0,0,0,3,4,1,2,2,3,5,1
R00346,6,Colwyn,v2_12month,7.7,55-64,Female,South,Bachelor's or higher,Suburban,1,0,0,1,5,3,2,2,1,4,3
R00347,4,Colwyn,v2_12month,6.5,18-34,Male,South,High school or less,Suburban,1,0,0,2,3,4,5,1,2,3,4
R00348,1,Meridian,v1_3month,6.3,35-54,Female,South,Some college,Suburban,1,0,0,1,5,4,3,5,4,3,2
R00349,5,Colwyn,v2_12month,7.9,65+,Male,Northeast,Some college,Urban,1,0,0,4,5,2,3,5,1,3,4
R00350,6,Colwyn,v2_12month,5.8,65+,Male,West,High school or less,Urban,1,1,1,5,2,3,4,5,1,2,3
R00351,6,Colwyn,v2_12month,6.1,18-34,Male,Northeast,Some college,Rural,1,1,1,4,3,1,5,5,4,2,1
R00352,8,Colwyn,v2_12month,7.5,18-34,Male,Midwest,Bachelor's or higher,Urban,0,0,0,5,1,3,4,4,5,2,3
R00353,1,Meridian,v1_3month,6.8,18-34,Female,Midwest,High school or less,Urban,1,0,0,4,3,2,1,5,4,3,2
R00354,9,Colwyn,v2_12month,8.9,55-64,Male,South,High school or less,Urban,1,1,0,3,4,5,1,4,5,1,2
R00355,2,Meridian,v1_3month,9.1,35-54,Female,South,Bachelor's or higher,Rural,0,0,0,1,5,3,2,5,4,2,1
R00356,3,Meridian,v2_12month,4.9,55-64,Female,Northeast,High school or less,Urban,1,0,0,5,1,3,4,1,2,4,5
R00357,1,Meridian,v1_3month,6.5,65+,Male,West,High school or less,Suburban,0,0,0,3,2,1,5,2,1,5,4
R00358,2,Meridian,v1_3month,6.0,65+,Male,Northeast,Bachelor's or higher,Suburban,0,0,0,3,4,5,1,2,3,4,5
R00359,9,Colwyn,v2_12month,6.5,18-34,Female,West,Some college,Suburban,1,1,1,3,2,5,4,4,3,1,5
R00360,6,Colwyn,v2_12month,7.9,55-64,Female,South,Bachelor's or higher,Rural,1,0,0,3,2,5,4,4,3,1,5
R00361,8,Colwyn,v2_12month,8.7,18-34,Male,South,Some college,Urban,1,0,0,2,3,4,5,1,2,3,4
R00362,6,Colwyn,v2_12month,8.6,35-54,Female,South,Bachelor's or higher,Urban,0,0,0,1,5,4,3,2,1,5,4
R00363,2,Meridian,v1_3month,5.5,55-64,Male,West,Bachelor's or higher,Suburban,1,1,1,4,5,2,3,3,4,1,2
R00364,3,Meridian,v2_12month,5.4,18-34,Female,Northeast,Some college,Suburban,1,1,1,4,3,1,5,3,2,5,4
R00365,9,Colwyn,v2_12month,7.3,18-34,Male,South,Some college,Suburban,0,0,0,2,3,4,5,3,4,5,1
R00366,6,Colwyn,v2_12month,7.5,65+,Male,Midwest,Bachelor's or higher,Suburban,0,0,0,5,4,3,2,4,3,2,1
R00367,9,Colwyn,v2_12month,5.6,18-34,Female,South,High school or less,Rural,1,1,1,3,4,1,2,4,5,2,3
R00368,6,Colwyn,v2_12month,5.9,55-64,Female,South,Some college,Urban,1,1,1,3,2,5,4,4,3,1,5
R00369,4,Colwyn,v2_12month,6.2,35-54,Male,South,High school or less,Urban,0,0,0,5,1,2,3,4,5,1,2
R00370,4,Colwyn,v2_12month,5.5,18-34,Male,West,Some college,Suburban,1,0,0,2,3,5,1,1,2,4,5
R00371,4,Colwyn,v2_12month,9.1,18-34,Male,South,High school or less,Urban,0,0,0,1,5,4,3,2,1,5,4
R00372,4,Colwyn,v2_12month,6.9,18-34,Female,Midwest,High school or less,Urban,0,0,0,2,3,4,5,1,2,3,4
R00373,6,Colwyn,v2_12month,9.6,18-34,Female,South,Bachelor's or higher,Urban,1,1,1,3,2,5,4,4,3,1,5
R00374,9,Colwyn,v2_12month,9.6,35-54,Male,South,Some college,Rural,1,1,1,2,3,5,1,3,4,1,2
R00375,3,Meridian,v2_12month,9.1,65+,Female,West,High school or less,Suburban,0,0,0,2,1,5,4,1,5,4,3
R00376,5,Colwyn,v2_12month,8.0,35-54,Female,West,High school or less,Urban,1,1,0,2,3,4,5,3,4,5,1
R00377,2,Meridian,v1_3month,9.3,35-54,Female,West,Bachelor's or higher,Suburban,1,1,0,1,5,3,2,5,4,2,1
R00378,7,Colwyn,v2_12month,5.4,35-54,Male,West,High school or less,Rural,0,0,0,5,1,3,4,4,5,2,3
R00379,7,Colwyn,v2_12month,8.4,35-54,Male,West,High school or less,Urban,1,1,1,2,1,5,4,3,2,1,5
R00380,9,Colwyn,v2_12month,5.1,18-34,Female,South,Some college,Urban,0,0,0,1,5,4,3,2,1,5,4
R00381,9,Colwyn,v2_12month,5.6,35-54,Female,West,High school or less,Suburban,1,0,0,2,3,5,1,1,2,4,5
R00382,2,Meridian,v1_3month,5.8,35-54,Female,South,Bachelor's or higher,Urban,1,1,0,3,2,5,4,4,3,1,5
R00383,5,Colwyn,v2_12month,9.9,55-64,Male,Midwest,Bachelor's or higher,Urban,0,0,0,2,3,4,5,1,2,3,4
R00384,6,Colwyn,v2_12month,7.4,65+,Male,South,Some college,Urban,1,0,0,3,2,1,5,2,1,5,4
R00385,9,Colwyn,v2_12month,9.0,18-34,Female,Northeast,Bachelor's or higher,Suburban,0,0,0,1,2,4,5,2,3,5,1
R00386,2,Meridian,v1_3month,7.6,65+,Female,Northeast,High school or less,Urban,1,1,0,3,2,5,4,2,1,4,3
R00387,9,Colwyn,v2_12month,7.5,18-34,Female,West,Bachelor's or higher,Urban,0,0,0,5,1,2,3,1,2,3,4
R00388,5,Colwyn,v2_12month,7.2,18-34,Female,Midwest,Bachelor's or higher,Urban,0,0,0,2,1,5,4,3,2,1,5
R00389,9,Colwyn,v2_12month,4.9,18-34,Female,Northeast,High school or less,Suburban,1,1,1,3,4,1,2,2,3,5,1
R00390,2,Meridian,v1_3month,8.3,55-64,Female,South,High school or less,Rural,1,0,0,3,4,5,1,4,5,1,2
R00391,4,Colwyn,v2_12month,8.6,18-34,Female,South,Bachelor's or higher,Suburban,0,0,0,3,2,5,4,2,1,4,3
R00392,8,Colwyn,v2_12month,6.1,35-54,Male,West,Bachelor's or higher,Urban,0,0,0,3,4,1,2,4,5,2,3
R00393,7,Colwyn,v2_12month,8.2,18-34,Female,Northeast,Bachelor's or higher,Urban,0,0,0,2,1,5,4,1,5,4,3
R00394,3,Meridian,v2_12month,6.9,18-34,Female,South,High school or less,Urban,1,0,0,3,4,5,1,2,3,4,5
R00395,7,Colwyn,v2_12month,9.4,18-34,Female,Midwest,High school or less,Suburban,0,0,0,2,2,2,2,2,2,2,2
R00396,1,Meridian,v1_3month,5.6,18-34,Female,South,Some college,Suburban,0,0,0,4,5,2,3,3,4,1,2
R00397,7,Colwyn,v2_12month,5.1,18-34,Female,South,Some college,Rural,0,0,0,2,1,5,4,3,2,1,5
R00398,8,Colwyn,v2_12month,8.0,18-34,Female,South,Some college,Suburban,0,0,0,2,3,4,5,2,3,4,5
R00399,4,Colwyn,v2_12month,7.2,35-54,Male,Midwest,High school or less,Suburban,1,0,0,1,5,3,2,5,4,2,1
R00400,9,Colwyn,v2_12month,9.2,18-34,Female,South,Some college,Rural,0,0,0,1,2,3,4,2,3,4,5
R00401,4,Colwyn,v2_12month,5.4,65+,Male,Midwest,Bachelor's or higher,Rural,1,1,1,5,4,2,1,4,3,1,5
R00402,6,Colwyn,v2_12month,5.6,18-34,Male,West,Bachelor's or higher,Urban,0,0,0,5,1,3,4,1,2,4,5
R00403,7,Colwyn,v2_12month,5.1,18-34,Female,South,High school or less,Suburban,0,0,0,1,5,4,3,5,4,3,2
R00404,9,Colwyn,v2_12month,8.2,35-54,Female,South,High school or less,Urban,1,1,0,1,2,3,4,5,1,2,3
R00405,8,Colwyn,v2_12month,7.4,18-34,Female,Northeast,Some college,Suburban,0,0,0,2,1,4,3,3,2,5,4
R00406,8,Colwyn,v2_12month,6.7,65+,Male,Midwest,Some college,Urban,1,0,0,1,2,4,5,5,1,3,4
R00407,6,Colwyn,v2_12month,6.9,35-54,Male,Midwest,Bachelor's or higher,Urban,1,1,1,5,4,3,2,1,5,4,3
R00408,8,Colwyn,v2_12month,9.3,35-54,Male,West,High school or less,Urban,1,0,0,2,3,4,5,3,4,5,1
R00409,4,Colwyn,v2_12month,8.5,35-54,Female,South,Bachelor's or higher,Rural,1,0,0,3,2,5,4,2,1,4,3
R00410,6,Colwyn,v2_12month,9.5,35-54,Male,Northeast,High school or less,Suburban,0,0,0,5,4,3,2,1,5,4,3
R00411,1,Meridian,v1_3month,7.0,18-34,Female,West,Bachelor's or higher,Rural,0,0,0,5,1,3,4,4,5,2,3
R00412,4,Colwyn,v2_12month,8.6,18-34,Male,Midwest,Bachelor's or higher,Suburban,0,0,0,4,3,1,5,5,4,2,1
R00413,2,Meridian,v1_3month,6.2,18-34,Female,Midwest,Bachelor's or higher,Urban,0,0,0,1,2,3,4,5,1,2,3
R00414,5,Colwyn,v2_12month,7.4,18-34,Female,West,High school or less,Urban,1,0,0,3,2,1,5,2,1,5,4
R00415,7,Colwyn,v2_12month,2.7,18-34,Female,South,Bachelor's or higher,Urban,0,0,0,5,1,3,4,1,2,4,5
R00416,5,Colwyn,v2_12month,4.8,35-54,Female,South,Bachelor's or higher,Rural,1,1,1,5,4,2,1,4,3,1,5
R00417,1,Meridian,v1_3month,1.7,55-64,Male,West,Some college,Urban,1,1,1,3,4,5,1,4,5,1,2
R00418,7,Colwyn,v2_12month,4.8,18-34,Female,West,Some college,Suburban,1,1,1,4,3,2,1,5,4,3,2
R00419,5,Colwyn,v2_12month,4.9,35-54,Female,Midwest,High school or less,Rural,0,0,0,3,4,1,2,2,3,5,1
R00420,7,Colwyn,v2_12month,8.1,18-34,Female,South,High school or less,Suburban,0,0,0,2,3,5,1,3,4,1,2
R00421,3,Meridian,v2_12month,7.4,65+,Female,Midwest,High school or less,Suburban,1,0,0,4,3,2,1,3,2,1,5
R00422,6,Colwyn,v2_12month,9.1,18-34,Male,South,Some college,Suburban,0,0,0,2,3,4,5,3,4,5,1
R00423,8,Colwyn,v2_12month,6.5,18-34,Male,West,Bachelor's or higher,Suburban,1,1,1,2,1,4,3,1,5,3,2
R00424,6,Colwyn,v2_12month,6.4,35-54,Male,South,Some college,Urban,1,0,0,3,4,1,2,2,3,5,1
R00425,9,Colwyn,v2_12month,9.8,35-54,Male,South,High school or less,Suburban,0,0,0,2,1,5,4,2,1,5,4
R00426,3,Meridian,v2_12month,7.7,18-34,Female,West,Bachelor's or higher,Suburban,0,0,0,1,2,3,4,5,1,2,3
R00427,8,Colwyn,v2_12month,7.2,18-34,Male,West,Bachelor's or higher,Rural,0,0,0,1,5,3,2,2,1,4,3
R00428,4,Colwyn,v2_12month,6.6,35-54,Female,South,High school or less,Urban,1,1,1,4,5,2,3,5,1,3,4
R00429,8,Colwyn,v2_12month,8.8,18-34,Female,South,Bachelor's or higher,Suburban,0,0,0,1,5,4,3,5,4,3,2
R00430,8,Colwyn,v2_12month,5.9,65+,Male,Midwest,High school or less,Urban,1,0,0,4,3,1,5,3,2,5,4
R00431,4,Colwyn,v2_12month,5.5,18-34,Male,Northeast,Some college,Urban,1,0,0,3,4,5,1,4,5,1,2
R00432,8,Colwyn,v2_12month,5.5,35-54,Male,South,High school or less,Suburban,0,0,0,3,2,1,5,2,1,5,4
R00433,4,Colwyn,v2_12month,8.6,18-34,Female,South,Some college,Rural,0,0,0,4,5,2,3,5,1,3,4
R00434,3,Meridian,v2_12month,6.7,65+,Male,South,Some college,Urban,1,1,0,2,1,4,3,3,2,5,4
R00435,7,Colwyn,v2_12month,9.3,18-34,Female,Midwest,Some college,Urban,1,0,0,4,5,1,2,3,4,5,1
R00436,2,Meridian,v1_3month,7.6,35-54,Female,West,Bachelor's or higher,Suburban,0,0,0,3,2,1,5,4,3,2,1
R00437,3,Meridian,v2_12month,8.1,55-64,Male,West,Bachelor's or higher,Urban,1,1,1,5,1,3,4,4,5,2,3
R00438,8,Colwyn,v2_12month,8.0,18-34,Male,South,Some college,Urban,1,0,0,2,1,4,3,1,5,3,2
R00439,3,Meridian,v2_12month,2.7,35-54,Male,West,Bachelor's or higher,Urban,0,0,0,2,3,4,5,3,4,5,1
R00440,6,Colwyn,v2_12month,8.9,35-54,Male,Northeast,Some college,Suburban,1,1,1,1,2,3,4,5,1,2,3
R00441,2,Meridian,v1_3month,6.2,65+,Female,South,Some college,Suburban,1,0,0,4,3,1,5,5,4,2,1
R00442,5,Colwyn,v2_12month,7.6,35-54,Female,West,Bachelor's or higher,Rural,0,0,0,2,3,5,1,1,2,4,5
R00443,5,Colwyn,v2_12month,7.1,18-34,Female,West,Bachelor's or higher,Urban,1,0,0,5,4,3,2,1,5,4,3
R00444,5,Colwyn,v2_12month,5.1,18-34,Male,West,Some college,Urban,0,0,0,5,2,3,4,1,2,3,4
R00445,7,Colwyn,v2_12month,7.1,18-34,Female,Northeast,High school or less,Urban,0,0,0,1,5,3,2,5,4,2,1
R00446,6,Colwyn,v2_12month,8.1,18-34,Male,South,High school or less,Suburban,1,0,0,1,2,4,5,2,3,5,1
R00447,1,Meridian,v1_3month,5.0,65+,Male,South,High school or less,Suburban,1,1,1,5,4,3,2,4,3,2,1
R00448,6,Colwyn,v2_12month,7.4,35-54,Female,South,High school or less,Suburban,1,1,1,4,5,1,2,3,4,5,1
R00449,7,Colwyn,v2_12month,6.6,18-34,Female,South,Some college,Suburban,1,0,0,5,4,2,1,1,5,3,2
R00450,1,Meridian,v1_3month,6.6,55-64,Female,Midwest,High school or less,Suburban,1,1,1,4,3,2,1,3,2,1,5
R00451,8,Colwyn,v2_12month,7.5,35-54,Female,South,Bachelor's or higher,Urban,1,0,0,2,3,5,1,3,4,1,2
R00452,7,Colwyn,v2_12month,5.9,18-34,Female,South,Bachelor's or higher,Urban,0,0,0,2,1,4,3,1,5,3,2
R00453,5,Colwyn,v2_12month,8.5,18-34,Female,South,High school or less,Suburban,1,0,0,1,2,3,4,2,3,4,5
R00454,9,Colwyn,v2_12month,9.2,55-64,Female,Northeast,High school or less,Suburban,0,0,0,5,4,3,2,1,5,4,3
R00455,6,Colwyn,v2_12month,6.9,35-54,Male,South,Some college,Rural,1,0,0,1,2,4,5,5,1,3,4
R00456,4,Colwyn,v2_12month,9.6,55-64,Female,South,High school or less,Urban,1,1,1,1,5,3,2,2,1,4,3
R00457,9,Colwyn,v2_12month,4.9,18-34,Male,Midwest,High school or less,Urban,0,0,0,3,4,5,1,2,3,4,5
R00458,9,Colwyn,v2_12month,9.4,18-34,Female,South,Bachelor's or higher,Suburban,0,0,0,1,5,4,3,5,4,3,2
R00459,4,Colwyn,v2_12month,7.6,35-54,Female,South,Some college,Urban,0,0,0,4,5,2,3,5,1,3,4
R00460,9,Colwyn,v2_12month,7.6,18-34,Female,West,Bachelor's or higher,Suburban,0,0,0,2,3,5,1,1,2,4,5
R00461,3,Meridian,v2_12month,8.8,18-34,Male,South,High school or less,Suburban,0,0,0,2,1,5,4,3,2,1,5
R00462,7,Colwyn,v2_12month,7.3,18-34,Female,South,High school or less,Suburban,1,0,0,2,3,4,5,1,2,3,4
R00463,3,Meridian,v2_12month,9.5,55-64,Female,Midwest,Bachelor's or higher,Urban,0,0,0,2,1,4,3,3,2,5,4
R00464,9,Colwyn,v2_12month,9.4,18-34,Female,Northeast,High school or less,Urban,0,0,0,2,3,5,1,3,4,1,2
R00465,2,Meridian,v1_3month,7.0,35-54,Male,West,Bachelor's or higher,Urban,1,1,1,3,2,1,5,2,1,5,4
R00466,4,Colwyn,v2_12month,5.9,18-34,Male,West,Bachelor's or higher,Urban,0,0,0,1,2,3,4,2,3,4,5
R00467,7,Colwyn,v2_12month,7.3,18-34,Female,West,Some college,Urban,1,0,0,2,1,4,3,1,5,3,2
R00468,2,Meridian,v1_3month,2.6,35-54,Female,West,Bachelor's or higher,Rural,1,1,1,4,5,2,3,3,4,1,2
R00469,4,Colwyn,v2_12month,8.0,18-34,Male,West,Bachelor's or higher,Urban,0,0,0,3,2,1,5,4,3,2,1
R00470,2,Meridian,v1_3month,5.7,35-54,Female,South,High school or less,Urban,1,0,0,1,5,3,2,2,1,4,3
R00471,5,Colwyn,v2_12month,4.8,18-34,Male,Midwest,Bachelor's or higher,Suburban,0,0,0,3,4,5,1,2,3,4,5
R00472,9,Colwyn,v2_12month,5.2,65+,Female,South,Some college,Suburban,0,0,0,3,2,1,5,4,3,2,1
R00473,5,Colwyn,v2_12month,8.7,18-34,Male,South,Bachelor's or higher,Urban,1,1,1,1,2,4,5,5,1,3,4
R00474,8,Colwyn,v2_12month,6.7,18-34,Female,South,Bachelor's or higher,Suburban,0,0,0,5,4,2,1,4,3,1,5
R00475,6,Colwyn,v2_12month,5.4,18-34,Female,South,Bachelor's or higher,Suburban,0,0,0,4,5,1,2,5,1,2,3
R00476,6,Colwyn,v2_12month,7.5,65+,Male,Northeast,Bachelor's or higher,Urban,1,1,0,1,1,1,1,1,1,1,1
R00477,9,Colwyn,v2_12month,9.1,18-34,Female,Midwest,Bachelor's or higher,Suburban,1,0,0,3,4,1,2,4,5,2,3
R00478,2,Meridian,v1_3month,9.0,35-54,Male,Northeast,High school or less,Urban,1,1,1,5,4,2,1,1,5,3,2
R00479,6,Colwyn,v2_12month,9.4,18-34,Female,West,Bachelor's or higher,Rural,0,0,0,1,2,3,4,5,1,2,3
R00480,2,Meridian,v1_3month,4.9,65+,Male,West,Some college,Urban,1,1,0,1,2,3,4,2,3,4,5
R00481,2,Meridian,v1_3month,5.3,65+,Female,South,Bachelor's or higher,Urban,1,0,0,3,2,5,4,2,1,4,3
R00482,8,Colwyn,v2_12month,9.3,35-54,Male,West,Bachelor's or higher,Urban,1,0,0,3,4,1,2,4,5,2,3
R00483,4,Colwyn,v2_12month,7.9,18-34,Female,Northeast,Some college,Rural,0,0,0,1,5,4,3,5,4,3,2
R00484,3,Meridian,v2_12month,5.0,65+,Female,South,Bachelor's or higher,Rural,1,1,1,4,5,1,2,3,4,5,1
R00485,2,Meridian,v1_3month,9.0,35-54,Male,West,Bachelor's or higher,Suburban,1,0,0,2,1,4,3,3,2,5,4
R00486,2,Meridian,v1_3month,7.4,18-34,Female,South,Bachelor's or higher,Suburban,0,0,0,3,4,1,2,2,3,5,1
R00487,6,Colwyn,v2_12month,9.9,35-54,Male,Midwest,Bachelor's or higher,Suburban,1,0,0,3,2,1,5,4,3,2,1
R00488,8,Colwyn,v2_12month,4.8,18-34,Male,West,Bachelor's or higher,Urban,1,0,0,5,1,2,3,1,2,3,4
R00489,4,Colwyn,v2_12month,9.2,35-54,Female,West,Some college,Suburban,1,1,1,2,1,4,3,1,5,3,2
R00490,7,Colwyn,v2_12month,5.2,35-54,Female,South,Some college,Urban,1,0,0,2,1,5,4,3,2,1,5
R00491,2,Meridian,v1_3month,8.7,65+,Male,South,Bachelor's or higher,Urban,1,0,0,4,5,2,3,3,4,1,2
R00492,5,Colwyn,v2_12month,5.9,18-34,Male,Northeast,Some college,Suburban,0,0,0,5,4,2,1,1,5,3,2
R00493,5,Colwyn,v2_12month,7.8,18-34,Female,South,Some college,Rural,0,0,0,3,4,5,1,2,3,4,5
R00494,7,Colwyn,v2_12month,9.3,18-34,Female,Midwest,Bachelor's or higher,Rural,1,0,0,4,3,2,1,3,2,1,5
R00495,4,Colwyn,v2_12month,7.1,55-64,Female,South,Some college,Rural,0,0,0,2,3,5,1,3,4,1,2
R00496,6,Colwyn,v2_12month,5.6,18-34,Female,South,Some college,Suburban,0,0,0,3,2,5,4,2,1,4,3
R00497,3,Meridian,v2_12month,9.3,35-54,Male,South,Some college,Suburban,1,0,0,3,4,5,1,4,5,1,2
R00498,1,Meridian,v1_3month,8.6,35-54,Female,South,Bachelor's or higher,Suburban,1,1,1,4,3,2,1,5,4,3,2
R00499,4,Colwyn,v2_12month,6.9,35-54,Female,South,Some college,Urban,1,1,1,1,2,4,5,5,1,3,4
R00500,6,Colwyn,v2_12month,5.1,18-34,Male,Midwest,High school or less,Urban,1,0,0,5,4,2,1,4,3,1,5
R00501,1,Meridian,v1_3month,6.5,65+,Female,Northeast,Bachelor's or higher,Suburban,0,0,0,4,5,1,3,5,1,2,3
R00502,7,Colwyn,v2_12month,2.1,35-54,Male,Northeast,Bachelor's or higher,Urban,1,1,1,3,2,1,5,2,1,5,4
R00503,6,Colwyn,v2_12month,8.9,35-54,Female,South,High school or less,Suburban,1,1,1,5,1,3,4,1,2,4,5
R00504,3,Meridian,v2_12month,6.0,35-54,Female,South,Some college,Urban,1,0,0,3,2,5,4,4,3,1,5
R00505,9,Colwyn,v2_12month,9.8,18-34,Male,Midwest,High school or less,Suburban,0,0,0,5,1,2,3,4,5,1,2
R00506,7,Colwyn,v2_12month,8.6,18-34,Female,Midwest,Some college,Urban,1,1,1,4,3,2,1,5,4,3,2
R00507,9,Colwyn,v2_12month,5.0,18-34,Male,Midwest,High school or less,Suburban,1,0,0,5,1,3,4,4,5,2,3
R00508,3,Meridian,v2_12month,9.0,18-34,Male,Northeast,High school or less,Suburban,0,0,0,4,3,1,5,3,2,5,4
R00509,9,Colwyn,v2_12month,7.4,18-34,Female,Midwest,High school or less,Urban,0,0,0,2,3,4,5,3,4,5,1
R00510,1,Meridian,v1_3month,7.3,55-64,Male,Northeast,High school or less,Suburban,1,1,1,4,5,2,3,5,1,3,4
R00511,4,Colwyn,v2_12month,8.2,35-54,Female,Midwest,Bachelor's or higher,Suburban,1,0,0,3,2,1,5,2,1,5,4
R00512,3,Meridian,v2_12month,6.5,18-34,Female,Midwest,Bachelor's or higher,Suburban,0,0,0,3,4,5,1,4,5,1,2
R00513,8,Colwyn,v2_12month,5.6,18-34,Male,Northeast,High school or less,Urban,1,1,1,4,3,1,5,3,2,5,4
R00514,5,Colwyn,v2_12month,9.0,35-54,Male,West,High school or less,Urban,1,0,0,5,1,3,4,4,5,2,3
R00515,4,Colwyn,v2_12month,8.5,18-34,Male,West,High school or less,Urban,0,0,0,3,2,1,5,4,3,2,1
R00516,9,Colwyn,v2_12month,5.2,18-34,Male,Northeast,Bachelor's or higher,Suburban,0,0,0,4,5,1,2,3,4,5,1
R00517,7,Colwyn,v2_12month,5.4,18-34,Female,Midwest,High school or less,Suburban,0,0,0,3,2,5,4,4,3,1,5
R00518,9,Colwyn,v2_12month,7.9,35-54,Female,South,High school or less,Suburban,1,0,0,2,3,5,1,3,4,1,2
R00519,3,Meridian,v2_12month,7.4,55-64,Male,West,Bachelor's or higher,Urban,1,1,0,2,1,5,4,1,5,4,3
R00520,6,Colwyn,v2_12month,8.7,18-34,Female,South,Bachelor's or higher,Urban,0,0,0,2,1,5,4,3,2,1,5
R00521,4,Colwyn,v2_12month,5.1,18-34,Male,Northeast,High school or less,Suburban,0,0,0,3,4,1,2,2,3,5,1
R00522,6,Colwyn,v2_12month,6.1,55-64,Female,South,Some college,Suburban,0,0,0,2,1,4,3,3,2,5,4
R00523,9,Colwyn,v2_12month,6.6,35-54,Male,Midwest,High school or less,Urban,1,1,1,2,3,4,5,1,2,3,4
R00524,2,Meridian,v1_3month,8.3,18-34,Female,Midwest,High school or less,Suburban,0,0,0,4,3,2,1,3,2,1,5
R00525,6,Colwyn,v2_12month,9.2,35-54,Male,West,High school or less,Urban,1,0,0,2,3,5,1,3,4,5,2
R00526,4,Colwyn,v2_12month,5.2,35-54,Male,Midwest,High school or less,Urban,1,0,0,2,1,4,3,1,5,3,2
R00527,6,Colwyn,v2_12month,8.8,18-34,Male,West,Some college,Rural,1,1,1,2,3,4,5,3,4,5,1
R00528,5,Colwyn,v2_12month,7.6,18-34,Male,Midwest,Bachelor's or higher,Urban,0,0,0,5,4,3,2,1,5,4,3
R00529,9,Colwyn,v2_12month,5.9,35-54,Female,West,High school or less,Suburban,0,0,0,2,3,5,1,1,2,4,5
R00530,4,Colwyn,v2_12month,6.2,55-64,Male,South,Bachelor's or higher,Suburban,1,1,0,5,1,2,3,1,2,3,4
R00531,9,Colwyn,v2_12month,6.3,35-54,Female,West,Bachelor's or higher,Suburban,1,1,0,3,2,5,4,2,1,4,3
R00532,7,Colwyn,v2_12month,7.7,18-34,Male,West,Some college,Urban,1,0,0,1,2,4,5,2,3,5,1
R00533,4,Colwyn,v2_12month,6.1,35-54,Female,South,Some college,Urban,1,0,0,3,2,1,5,2,1,5,4
R00534,3,Meridian,v2_12month,8.6,35-54,Female,West,Some college,Urban,0,0,0,2,3,4,5,1,2,3,4
R00535,8,Colwyn,v2_12month,8.0,18-34,Female,Midwest,Some college,Rural,0,0,0,3,2,5,4,4,3,1,5
R00536,4,Colwyn,v2_12month,9.5,18-34,Female,South,Bachelor's or higher,Urban,1,0,0,2,3,5,1,1,2,4,5
R00537,4,Colwyn,v2_12month,9.0,35-54,Male,Midwest,High school or less,Urban,1,0,0,1,5,4,3,2,1,5,4
R00538,8,Colwyn,v2_12month,5.2,35-54,Male,South,Bachelor's or higher,Urban,0,0,0,3,4,5,1,4,5,1,2
R00539,1,Meridian,v1_3month,7.8,18-34,Female,Northeast,Bachelor's or higher,Suburban,0,0,0,4,3,1,5,3,2,5,4
R00540,1,Meridian,v1_3month,8.5,35-54,Female,Northeast,Some college,Urban,1,1,1,2,1,4,3,3,2,5,4
R00541,8,Colwyn,v2_12month,9.3,55-64,Female,South,Some college,Urban,1,0,0,1,2,3,4,5,1,2,3
R00542,4,Colwyn,v2_12month,5.6,18-34,Female,West,Some college,Suburban,0,0,0,1,5,4,3,2,1,5,4
R00543,4,Colwyn,v2_12month,9.6,35-54,Female,Northeast,High school or less,Urban,0,0,0,2,3,5,1,1,2,4,5
R00544,2,Meridian,v1_3month,9.5,35-54,Female,West,Bachelor's or higher,Suburban,0,0,0,1,5,3,2,5,4,2,1
R00545,6,Colwyn,v2_12month,6.7,35-54,Female,Midwest,High school or less,Urban,1,0,0,3,3,3,3,3,3,3,3
R00546,6,Colwyn,v2_12month,9.2,35-54,Female,Midwest,High school or less,Suburban,1,1,1,2,1,5,3,1,5,4,3
R00547,5,Colwyn,v2_12month,6.7,18-34,Male,West,Bachelor's or higher,Urban,1,0,0,5,1,3,4,1,2,4,5
R00548,5,Colwyn,v2_12month,8.1,18-34,Male,South,Bachelor's or higher,Suburban,0,0,0,1,5,3,2,2,1,4,3
R00549,9,Colwyn,v2_12month,5.6,35-54,Female,South,Bachelor's or higher,Suburban,0,0,0,3,4,5,1,2,3,4,5
R00550,7,Colwyn,v2_12month,9.6,18-34,Female,South,Bachelor's or higher,Urban,0,0,0,1,2,4,5,5,1,3,4
R00551,2,Meridian,v1_3month,6.1,65+,Female,South,Some college,Suburban,1,0,0,3,2,1,5,4,3,2,1
R00552,9,Colwyn,v2_12month,8.8,35-54,Male,West,Some college,Urban,1,1,0,4,5,1,2,3,4,5,1
R00553,7,Colwyn,v2_12month,8.6,18-34,Female,Midwest,Bachelor's or higher,Urban,0,0,0,1,5,3,2,2,1,4,3
R00554,6,Colwyn,v2_12month,8.0,18-34,Male,West,Some college,Urban,1,1,0,3,4,1,2,4,5,2,3
R00555,2,Meridian,v1_3month,2.2,55-64,Female,West,High school or less,Urban,1,1,1,5,4,3,2,4,3,2,1
R00556,7,Colwyn,v2_12month,5.1,18-34,Female,West,Bachelor's or higher,Suburban,1,0,0,4,5,1,2,5,1,2,3
R00557,7,Colwyn,v2_12month,6.6,35-54,Female,South,Bachelor's or higher,Rural,1,0,0,5,4,2,1,4,3,1,5
R00558,8,Colwyn,v2_12month,7.8,18-34,Female,West,Bachelor's or higher,Urban,0,0,0,2,3,5,1,1,2,4,5
R00559,4,Colwyn,v2_12month,6.0,65+,Male,West,Some college,Suburban,1,0,0,1,5,4,3,2,1,5,4
R00560,8,Colwyn,v2_12month,8.8,35-54,Female,Midwest,Some college,Urban,1,1,1,2,1,5,4,1,5,4,3
R00561,9,Colwyn,v2_12month,6.7,35-54,Male,Northeast,Bachelor's or higher,Suburban,1,1,1,5,1,3,4,1,2,4,5
R00562,7,Colwyn,v2_12month,2.1,18-34,Male,West,High school or less,Urban,0,0,0,4,3,1,5,3,2,5,4
R00563,4,Colwyn,v2_12month,5.9,18-34,Male,Northeast,Bachelor's or higher,Urban,0,0,0,4,4,4,4,4,4,4,4
R00564,8,Colwyn,v2_12month,5.7,55-64,Female,South,Some college,Suburban,1,1,1,4,3,2,1,5,4,3,2
R00565,4,Colwyn,v2_12month,8.4,18-34,Male,Northeast,Bachelor's or higher,Urban,0,0,0,4,5,2,3,3,4,1,2
R00566,6,Colwyn,v2_12month,10.0,35-54,Female,South,High school or less,Rural,1,0,0,3,2,5,4,4,3,1,5
R00567,5,Colwyn,v2_12month,7.6,18-34,Female,South,High school or less,Urban,0,0,0,5,1,2,3,4,5,1,2
R00568,4,Colwyn,v2_12month,6.9,18-34,Female,West,Bachelor's or higher,Suburban,1,0,0,2,1,5,4,1,5,4,3
R00569,8,Colwyn,v2_12month,9.1,18-34,Female,Midwest,High school or less,Urban,0,0,0,2,3,5,1,3,4,1,2
R00570,8,Colwyn,v2_12month,5.8,35-54,Male,Midwest,High school or less,Urban,1,0,0,2,3,4,5,1,2,3,4
R00571,5,Colwyn,v2_12month,5.5,35-54,Female,South,Some college,Urban,0,0,0,5,4,2,1,1,5,3,2
R00572,2,Meridian,v1_3month,9.7,35-54,Male,Midwest,High school or less,Urban,1,1,1,2,3,5,1,1,2,4,5
R00573,7,Colwyn,v2_12month,2.4,18-34,Female,South,Bachelor's or higher,Suburban,0,0,0,1,5,4,3,2,1,5,4
R00574,9,Colwyn,v2_12month,6.0,35-54,Female,South,Bachelor's or higher,Urban,1,0,0,2,3,4,5,3,4,5,1
R00575,5,Colwyn,v2_12month,9.8,35-54,Male,Midwest,High school or less,Urban,1,0,0,2,1,4,3,1,5,3,2
R00576,8,Colwyn,v2_12month,8.4,35-54,Female,South,Bachelor's or higher,Suburban,1,0,0,2,3,5,1,3,4,1,2
R00577,8,Colwyn,v2_12month,5.5,18-34,Male,West,Some college,Urban,0,0,0,5,4,3,2,4,3,2,1
R00578,8,Colwyn,v2_12month,6.6,18-34,Female,South,High school or less,Urban,0,0,0,5,1,2,3,4,5,1,2
R00579,5,Colwyn,v2_12month,7.5,35-54,Male,Northeast,Bachelor's or higher,Suburban,1,1,0,1,5,3,2,2,1,4,3
R00580,7,Colwyn,v2_12month,1.9,35-54,Male,Midwest,Bachelor's or higher,Suburban,1,0,0,4,3,1,5,3,2,5,4
R00581,3,Meridian,v2_12month,5.0,35-54,Female,West,Bachelor's or higher,Urban,1,1,0,2,3,4,5,3,4,5,1
R00582,3,Meridian,v2_12month,7.8,35-54,Male,West,Bachelor's or higher,Suburban,1,1,1,3,2,1,5,2,1,5,4
R00583,7,Colwyn,v2_12month,8.3,18-34,Female,Midwest,High school or less,Suburban,1,1,1,3,4,1,2,4,5,2,3
R00584,1,Meridian,v1_3month,9.6,55-64,Male,Midwest,Bachelor's or higher,Urban,1,1,1,3,2,5,4,4,3,1,5
R00585,2,Meridian,v1_3month,9.2,18-34,Male,Northeast,Bachelor's or higher,Suburban,0,0,0,4,5,1,2,3,4,5,1
R00586,8,Colwyn,v2_12month,5.5,55-64,Female,Northeast,Some college,Suburban,1,1,1,4,3,2,1,5,4,3,2
R00587,6,Colwyn,v2_12month,7.2,65+,Male,Midwest,Bachelor's or higher,Urban,0,0,0,3,4,1,2,2,3,5,1
R00588,6,Colwyn,v2_12month,7.2,18-34,Male,West,Bachelor's or higher,Urban,1,0,0,5,4,2,1,4,3,1,5
R00589,6,Colwyn,v2_12month,5.1,18-34,Male,West,Some college,Urban,1,0,0,3,4,5,1,4,5,1,2
R00590,8,Colwyn,v2_12month,9.6,18-34,Female,South,Bachelor's or higher,Suburban,0,0,0,3,3,3,3,3,3,3,3
R00591,4,Colwyn,v2_12month,8.0,35-54,Male,Northeast,Bachelor's or higher,Urban,0,0,0,3,2,1,5,2,1,5,4
R00592,7,Colwyn,v2_12month,7.9,18-34,Female,Midwest,High school or less,Urban,1,0,0,5,1,2,3,1,2,3,4
R00593,9,Colwyn,v2_12month,9.4,55-64,Male,West,High school or less,Urban,1,0,0,2,1,4,3,1,5,3,2
R00594,8,Colwyn,v2_12month,9.6,18-34,Female,West,Some college,Urban,1,1,1,2,3,5,1,1,2,4,5
R00595,4,Colwyn,v2_12month,7.4,18-34,Female,Midwest,Bachelor's or higher,Urban,0,0,0,4,3,2,1,5,4,3,2
R00596,6,Colwyn,v2_12month,7.6,18-34,Female,Midwest,High school or less,Urban,1,1,0,1,2,3,4,5,1,2,3
R00597,4,Colwyn,v2_12month,6.8,65+,Female,Midwest,Some college,Urban,0,0,0,2,1,4,3,3,2,5,4
R00598,7,Colwyn,v2_12month,7.7,35-54,Female,South,Bachelor's or higher,Suburban,1,0,0,3,4,1,2,4,5,2,3
R00599,7,Colwyn,v2_12month,6.4,18-34,Male,West,Bachelor's or higher,Urban,1,0,0,1,5,4,3,5,4,3,2
R00600,4,Colwyn,v2_12month,7.0,18-34,Male,South,Some college,Rural,0,0,0,2,3,5,1,3,4,1,2
R00601,9,Colwyn,v2_12month,8.8,18-34,Female,Midwest,Bachelor's or higher,Suburban,1,0,0,4,3,2,1,3,2,1,5
R00602,3,Meridian,v2_12month,8.9,55-64,Male,South,Bachelor's or higher,Suburban,1,0,0,1,2,3,4,2,3,4,5
R00603,5,Colwyn,v2_12month,1.9,18-34,Male,Midwest,Bachelor's or higher,Urban,0,0,0,3,2,5,4,2,1,4,3
R00604,2,Meridian,v1_3month,7.0,65+,Male,Northeast,Bachelor's or higher,Urban,1,1,0,3,4,1,2,2,3,5,1
R00605,3,Meridian,v2_12month,6.5,55-64,Male,Northeast,Bachelor's or higher,Urban,1,0,0,1,5,4,3,2,1,5,4
R00606,7,Colwyn,v2_12month,7.9,18-34,Female,South,Some college,Rural,1,0,0,3,4,5,1,2,3,4,5
R00607,4,Colwyn,v2_12month,2.1,35-54,Male,Northeast,Some college,Suburban,0,0,0,4,3,1,5,5,4,2,1
R00608,7,Colwyn,v2_12month,6.9,35-54,Female,Midwest,Bachelor's or higher,Suburban,1,0,0,5,1,3,4,1,2,4,5
R00609,9,Colwyn,v2_12month,7.7,35-54,Female,Northeast,Bachelor's or higher,Suburban,1,0,0,2,1,5,4,1,5,4,3
R00610,6,Colwyn,v2_12month,8.4,65+,Female,South,Some college,Urban,1,0,0,5,4,2,1,4,3,1,5
R00611,3,Meridian,v2_12month,5.3,35-54,Male,South,Bachelor's or higher,Rural,1,1,0,4,5,1,2,5,1,2,3
R00612,9,Colwyn,v2_12month,8.1,18-34,Male,South,Bachelor's or higher,Urban,1,1,0,5,4,3,2,4,3,2,1
R00613,8,Colwyn,v2_12month,8.8,18-34,Female,West,Some college,Urban,1,0,0,5,1,3,4,1,2,4,5
R00614,2,Meridian,v1_3month,8.9,35-54,Male,Northeast,Bachelor's or higher,Urban,1,1,1,5,4,2,1,1,5,3,2
R00615,6,Colwyn,v2_12month,6.7,18-34,Male,Midwest,Bachelor's or higher,Suburban,0,0,0,4,1,2,3,4,5,1,2
R00616,2,Meridian,v1_3month,8.2,35-54,Male,South,High school or less,Urban,0,0,0,5,4,3,2,1,5,4,3
R00617,8,Colwyn,v2_12month,8.7,18-34,Male,West,High school or less,Suburban,0,0,0,4,5,2,3,3,4,1,2
R00618,6,Colwyn,v2_12month,6.3,18-34,Male,West,Bachelor's or higher,Rural,1,1,1,2,1,4,3,1,5,3,2
R00619,4,Colwyn,v2_12month,9.6,18-34,Male,West,High school or less,Urban,0,0,0,5,1,2,3,1,2,3,4
R00620,7,Colwyn,v2_12month,9.7,18-34,Male,South,High school or less,Suburban,0,0,0,2,3,4,5,3,4,5,1
R00621,6,Colwyn,v2_12month,7.1,55-64,Female,West,Bachelor's or higher,Urban,1,0,0,1,5,3,2,5,4,2,1
R00622,6,Colwyn,v2_12month,7.0,35-54,Female,South,High school or less,Suburban,1,1,1,1,2,4,5,2,3,5,1
R00623,9,Colwyn,v2_12month,8.0,35-54,Female,Northeast,High school or less,Suburban,1,1,0,4,3,2,1,3,2,1,5
R00624,4,Colwyn,v2_12month,6.6,35-54,Male,West,Some college,Rural,0,0,0,1,2,3,4,5,1,2,3
R00625,6,Colwyn,v2_12month,7.9,18-34,Female,West,Some college,Suburban,1,0,0,1,5,3,2,2,1,4,3
R00626,4,Colwyn,v2_12month,7.0,35-54,Female,South,Some college,Urban,1,0,0,2,3,5,1,1,2,4,5
R00627,2,Meridian,v1_3month,8.8,35-54,Female,South,Bachelor's or higher,Suburban,1,0,0,1,5,4,3,2,1,5,4
R00628,3,Meridian,v2_12month,9.5,35-54,Male,South,Bachelor's or higher,Suburban,1,1,0,4,5,1,2,5,1,2,3
R00629,6,Colwyn,v2_12month,5.8,18-34,Female,Midwest,Some college,Suburban,0,0,0,5,4,2,1,4,3,1,5
R00630,2,Meridian,v1_3month,8.3,18-34,Male,Midwest,High school or less,Urban,1,0,0,2,1,4,3,2,1,5,4
R00631,8,Colwyn,v2_12month,8.8,18-34,Female,West,Bachelor's or higher,Suburban,1,0,0,3,4,1,2,2,3,5,1
R00632,8,Colwyn,v2_12month,6.0,18-34,Female,South,High school or less,Suburban,0,0,0,2,1,4,3,3,2,5,4
R00633,5,Colwyn,v2_12month,8.5,18-34,Female,South,High school or less,Suburban,0,0,0,1,2,3,4,5,1,2,3
R00634,1,Meridian,v1_3month,8.4,55-64,Male,South,Bachelor's or higher,Urban,0,0,0,2,1,5,4,1,5,4,3
R00635,9,Colwyn,v2_12month,1.8,35-54,Male,South,Bachelor's or higher,Rural,1,0,0,1,2,4,5,2,3,5,1
R00636,9,Colwyn,v2_12month,8.7,18-34,Female,South,Some college,Urban,0,0,0,2,1,4,3,1,5,3,2
R00637,1,Meridian,v1_3month,5.9,35-54,Male,South,High school or less,Rural,0,0,0,2,3,4,5,3,4,5,1
R00638,4,Colwyn,v2_12month,6.5,35-54,Female,West,Bachelor's or higher,Urban,1,0,0,3,2,1,5,4,3,2,1
R00639,4,Colwyn,v2_12month,8.7,18-34,Female,South,Bachelor's or higher,Suburban,0,0,0,5,1,3,4,4,5,2,3
R00640,7,Colwyn,v2_12month,8.9,65+,Female,Northeast,Bachelor's or higher,Suburban,1,0,0,3,4,1,2,2,3,5,1
R00641,5,Colwyn,v2_12month,5.6,55-64,Male,Northeast,High school or less,Urban,0,0,0,2,1,5,4,3,2,5,4
R00642,7,Colwyn,v2_12month,8.5,18-34,Male,Northeast,Bachelor's or higher,Urban,0,0,0,3,4,5,1,2,3,4,5
R00643,9,Colwyn,v2_12month,9.9,18-34,Female,Midwest,High school or less,Rural,0,0,0,1,5,3,2,2,1,4,3
R00644,4,Colwyn,v2_12month,7.6,18-34,Male,Midwest,Bachelor's or higher,Urban,1,0,0,2,3,5,1,3,4,1,2
R00645,5,Colwyn,v2_12month,2.4,18-34,Male,South,Some college,Urban,0,0,0,1,5,4,3,5,4,3,2
R00646,8,Colwyn,v2_12month,5.2,35-54,Female,West,Bachelor's or higher,Rural,1,0,0,2,3,4,5,3,4,5,1
R00647,9,Colwyn,v2_12month,9.0,18-34,Female,Northeast,Bachelor's or higher,Suburban,1,0,0,3,2,5,4,2,1,4,3
R00648,6,Colwyn,v2_12month,9.5,18-34,Female,South,High school or less,Urban,1,1,1,2,3,5,1,1,2,4,5
R00649,1,Meridian,v1_3month,7.4,18-34,Male,West,Bachelor's or higher,Rural,0,0,0,4,3,2,1,5,4,3,2
R00650,2,Meridian,v1_3month,9.2,18-34,Male,West,Bachelor's or higher,Suburban,1,1,0,4,3,1,5,5,4,2,1
R00651,3,Meridian,v2_12month,5.1,65+,Female,South,Bachelor's or higher,Rural,1,0,0,1,2,3,4,5,1,2,3
R00652,7,Colwyn,v2_12month,4.9,35-54,Male,West,High school or less,Suburban,0,0,0,4,3,2,1,5,4,3,2
R00653,2,Meridian,v1_3month,7.6,18-34,Female,South,Some college,Suburban,1,1,1,4,5,2,3,3,4,1,2
R00654,3,Meridian,v2_12month,5.5,65+,Female,South,Bachelor's or higher,Suburban,1,1,1,5,4,2,1,4,3,1,5
R00655,3,Meridian,v2_12month,5.1,65+,Male,West,Some college,Urban,1,0,0,2,3,4,5,3,4,5,1
R00656,4,Colwyn,v2_12month,8.0,18-34,Female,Northeast,Some college,Urban,0,0,0,3,2,1,5,2,1,5,4
R00657,8,Colwyn,v2_12month,9.4,35-54,Female,West,Bachelor's or higher,Urban,0,0,0,5,1,3,4,1,2,4,5
R00658,1,Meridian,v1_3month,7.9,55-64,Male,Midwest,Some college,Rural,1,0,0,3,2,5,4,4,3,1,5
R00659,8,Colwyn,v2_12month,9.2,18-34,Male,South,Some college,Urban,0,0,0,3,4,5,1,2,3,4,5
R00660,6,Colwyn,v2_12month,7.9,18-34,Female,South,High school or less,Rural,0,0,0,2,3,4,5,1,2,3,4
R00661,4,Colwyn,v2_12month,8.4,35-54,Male,Midwest,Bachelor's or higher,Urban,0,0,0,2,1,4,3,3,2,5,4
R00662,8,Colwyn,v2_12month,8.2,18-34,Female,South,High school or less,Urban,1,0,0,1,2,4,5,5,1,3,4
R00663,1,Meridian,v1_3month,9.4,18-34,Male,South,Bachelor's or higher,Urban,1,1,1,2,1,5,4,3,2,1,5
R00664,2,Meridian,v1_3month,6.6,35-54,Male,West,High school or less,Urban,0,0,0,1,2,3,4,2,3,4,5
R00665,8,Colwyn,v2_12month,7.9,55-64,Female,South,Some college,Rural,1,1,1,2,1,4,3,1,5,3,2
R00666,7,Colwyn,v2_12month,8.3,18-34,Female,West,High school or less,Urban,0,0,0,4,4,4,4,4,4,4,4
R00667,3,Meridian,v2_12month,7.6,35-54,Male,West,Bachelor's or higher,Urban,1,1,1,2,1,5,4,1,5,4,3
R00668,9,Colwyn,v2_12month,7.7,18-34,Female,Midwest,Some college,Urban,1,0,0,4,5,1,2,3,4,5,1
R00669,9,Colwyn,v2_12month,7.9,35-54,Female,South,Bachelor's or higher,Urban,1,1,1,2,1,4,3,3,2,5,4
R00670,5,Colwyn,v2_12month,8.2,35-54,Male,West,Bachelor's or higher,Urban,1,0,0,4,3,2,1,3,2,1,5
R00671,8,Colwyn,v2_12month,9.8,18-34,Female,South,Bachelor's or higher,Urban,1,0,0,2,3,5,1,3,4,1,2
R00672,9,Colwyn,v2_12month,7.4,18-34,Female,South,Bachelor's or higher,Suburban,0,0,0,5,4,2,1,4,3,1,5
R00673,4,Colwyn,v2_12month,6.0,55-64,Female,South,Bachelor's or higher,Rural,1,1,0,4,5,1,2,5,1,2,3
R00674,7,Colwyn,v2_12month,5.9,18-34,Male,West,Some college,Suburban,1,0,0,3,2,1,5,4,3,2,1
R00675,3,Meridian,v2_12month,9.3,35-54,Female,South,Bachelor's or higher,Suburban,0,0,0,1,2,4,5,5,1,3,4
R00676,3,Meridian,v2_12month,9.9,35-54,Female,West,High school or less,Suburban,1,1,1,5,4,2,1,1,5,3,2
R00677,3,Meridian,v2_12month,5.5,65+,Male,West,Bachelor's or higher,Suburban,1,0,0,3,4,5,1,2,3,4,5
R00678,6,Colwyn,v2_12month,6.6,18-34,Male,South,Bachelor's or higher,Urban,0,0,0,2,1,5,4,1,5,4,3
R00679,3,Meridian,v2_12month,5.8,35-54,Male,Northeast,Bachelor's or higher,Urban,1,1,1,5,1,3,4,1,2,4,5
R00680,4,Colwyn,v2_12month,7.1,18-34,Female,South,Some college,Rural,1,0,0,5,1,3,4,1,2,4,5
R00681,8,Colwyn,v2_12month,5.7,35-54,Male,South,High school or less,Suburban,1,0,0,4,3,2,1,3,2,1,5
R00682,4,Colwyn,v2_12month,5.7,18-34,Male,Northeast,Some college,Urban,1,1,1,5,1,2,3,1,2,3,4
R00683,8,Colwyn,v2_12month,6.1,65+,Male,Midwest,High school or less,Urban,1,1,1,1,5,3,2,5,4,2,1
R00684,3,Meridian,v2_12month,8.2,55-64,Male,West,Bachelor's or higher,Urban,0,0,0,2,3,5,1,1,2,4,5
R00685,3,Meridian,v2_12month,7.7,35-54,Male,Northeast,Bachelor's or higher,Suburban,1,1,1,5,4,3,2,1,5,4,3
R00686,7,Colwyn,v2_12month,7.8,18-34,Female,Midwest,Some college,Urban,0,0,0,1,2,3,4,5,1,2,3
R00687,9,Colwyn,v2_12month,6.8,65+,Male,South,Some college,Urban,1,0,0,4,3,1,5,5,4,2,1
R00688,3,Meridian,v2_12month,5.4,35-54,Male,South,Some college,Rural,0,0,0,3,4,1,2,4,5,2,3
R00689,4,Colwyn,v2_12month,7.9,18-34,Male,West,Bachelor's or higher,Urban,1,1,1,4,3,2,1,3,2,1,5
R00690,5,Colwyn,v2_12month,6.5,65+,Female,West,Bachelor's or higher,Urban,1,1,1,1,5,3,2,5,4,2,1
R00691,6,Colwyn,v2_12month,9.2,18-34,Male,South,Some college,Suburban,0,0,0,5,1,2,3,1,2,3,4
R00692,8,Colwyn,v2_12month,7.3,55-64,Female,West,High school or less,Urban,1,0,0,4,3,2,1,3,2,1,5
R00693,7,Colwyn,v2_12month,8.1,18-34,Female,South,High school or less,Suburban,0,0,0,2,3,5,1,3,4,1,2
R00694,1,Meridian,v1_3month,5.1,55-64,Female,South,Some college,Urban,1,0,0,5,4,2,1,1,5,3,2
R00695,1,Meridian,v1_3month,9.0,35-54,Male,South,High school or less,Suburban,0,0,0,2,3,4,5,1,2,3,4
R00696,9,Colwyn,v2_12month,8.2,35-54,Female,West,Bachelor's or higher,Suburban,0,0,0,5,4,3,2,1,5,4,3
R00697,5,Colwyn,v2_12month,7.5,18-34,Male,South,Bachelor's or higher,Urban,1,0,0,1,2,4,5,5,1,3,4
R00698,7,Colwyn,v2_12month,5.1,18-34,Female,South,Bachelor's or higher,Suburban,1,0,0,5,4,2,1,4,3,1,5
R00699,2,Meridian,v1_3month,4.9,55-64,Male,South,Some college,Suburban,1,1,0,3,4,5,1,4,5,1,2
R00700,8,Colwyn,v2_12month,9.2,55-64,Female,South,Bachelor's or higher,Suburban,1,0,0,2,2,2,2,2,2,2,2
R00701,6,Colwyn,v2_12month,8.3,55-64,Female,South,High school or less,Suburban,1,1,1,1,2,4,5,2,3,5,1
R00702,9,Colwyn,v2_12month,8.3,35-54,Male,Midwest,Some college,Suburban,0,0,0,1,5,3,2,5,4,2,1
R00703,7,Colwyn,v2_12month,7.4,35-54,Female,South,Bachelor's or higher,Suburban,0,0,0,5,1,2,3,1,2,3,4
R00704,8,Colwyn,v2_12month,9.4,35-54,Male,Northeast,High school or less,Suburban,1,1,1,4,3,2,1,5,4,3,2
R00705,9,Colwyn,v2_12month,9.9,35-54,Male,Northeast,High school or less,Urban,0,0,0,2,3,5,1,1,2,4,5
R00706,9,Colwyn,v2_12month,6.3,35-54,Female,West,Some college,Urban,0,0,0,5,4,2,1,1,5,3,2
R00707,2,Meridian,v1_3month,6.2,65+,Female,Midwest,Bachelor's or higher,Urban,1,1,1,1,2,3,4,5,1,2,3
R00708,5,Colwyn,v2_12month,4.9,55-64,Female,Northeast,High school or less,Suburban,1,0,0,4,3,2,1,3,2,1,5
R00709,2,Meridian,v1_3month,5.4,65+,Male,South,Bachelor's or higher,Rural,1,1,1,3,4,1,2,4,5,2,3
R00710,5,Colwyn,v2_12month,7.5,35-54,Male,West,Some college,Suburban,1,1,0,4,5,1,2,3,4,5,1
R00711,8,Colwyn,v2_12month,7.1,18-34,Female,South,Bachelor's or higher,Suburban,0,0,0,3,2,5,4,4,3,1,5
R00712,5,Colwyn,v2_12month,6.1,18-34,Male,South,Some college,Urban,0,0,0,5,1,3,4,4,5,2,3
R00713,1,Meridian,v1_3month,9.6,55-64,Male,West,Bachelor's or higher,Rural,1,1,0,4,4,4,4,4,4,4,4
R00714,1,Meridian,v1_3month,9.8,65+,Male,Northeast,Some college,Urban,0,0,0,3,4,5,1,4,5,1,2
R00715,6,Colwyn,v2_12month,7.8,65+,Female,South,Bachelor's or higher,Suburban,1,1,0,4,3,1,5,3,2,5,4
R00716,1,Meridian,v1_3month,4.9,18-34,Male,West,High school or less,Urban,0,0,0,3,4,1,2,4,5,2,3
R00717,4,Colwyn,v2_12month,5.7,18-34,Male,South,Some college,Urban,0,0,0,1,5,4,3,5,4,3,2
R00718,1,Meridian,v1_3month,9.9,55-64,Male,West,Bachelor's or higher,Suburban,1,1,0,1,2,3,4,5,1,2,3
R00719,8,Colwyn,v2_12month,9.1,18-34,Female,South,High school or less,Urban,0,0,0,4,3,1,5,5,4,2,1
R00720,5,Colwyn,v2_12month,1.8,18-34,Female,South,High school or less,Suburban,0,0,0,2,1,4,3,3,1,5,4
R00721,6,Colwyn,v2_12month,6.2,35-54,Female,Midwest,Bachelor's or higher,Suburban,1,0,0,2,3,4,5,1,2,3,4
R00722,4,Colwyn,v2_12month,7.7,55-64,Male,South,Bachelor's or higher,Urban,1,0,0,2,1,5,4,3,2,1,5
R00723,1,Meridian,v1_3month,7.7,35-54,Female,West,High school or less,Suburban,1,0,0,2,3,5,1,1,2,4,5
R00724,8,Colwyn,v2_12month,8.1,18-34,Female,South,Some college,Urban,1,1,1,2,1,4,3,1,5,3,2
R00725,6,Colwyn,v2_12month,2.2,65+,Female,Midwest,High school or less,Urban,1,0,0,5,1,2,3,1,2,3,4
R00726,6,Colwyn,v2_12month,8.3,35-54,Female,Midwest,Bachelor's or higher,Suburban,1,1,1,2,1,5,4,1,5,4,3
R00727,2,Meridian,v1_3month,8.8,55-64,Male,South,Some college,Suburban,1,0,0,2,3,5,1,2,4,5,1
R00728,9,Colwyn,v2_12month,6.2,55-64,Female,South,Some college,Urban,1,0,0,3,2,5,4,4,3,1,5
R00729,7,Colwyn,v2_12month,9.1,35-54,Male,West,Some college,Suburban,1,1,1,5,1,2,3,4,5,1,2
R00730,4,Colwyn,v2_12month,6.6,35-54,Female,Northeast,Bachelor's or higher,Rural,1,1,1,5,1,3,4,4,5,2,3
R00731,8,Colwyn,v2_12month,9.6,35-54,Female,Midwest,High school or less,Urban,0,0,0,3,2,1,5,4,3,2,1
R00732,1,Meridian,v1_3month,8.1,55-64,Male,West,Some college,Suburban,1,0,0,5,5,5,5,5,5,5,5
R00733,7,Colwyn,v2_12month,9.0,18-34,Female,Midwest,Bachelor's or higher,Urban,1,0,0,5,4,2,1,1,5,3,2
R00734,3,Meridian,v2_12month,6.6,55-64,Female,West,High school or less,Urban,1,0,0,5,1,3,4,1,2,4,5
R00735,8,Colwyn,v2_12month,8.5,18-34,Male,South,Bachelor's or higher,Suburban,0,0,0,2,1,5,4,1,5,4,3
R00736,2,Meridian,v1_3month,8.4,55-64,Male,South,High school or less,Suburban,1,1,0,4,5,1,2,4,1,2,3
R00737,5,Colwyn,v2_12month,6.4,18-34,Male,Midwest,Bachelor's or higher,Suburban,0,0,0,1,5,3,2,5,4,2,1
R00738,5,Colwyn,v2_12month,6.0,35-54,Male,South,High school or less,Urban,1,0,0,1,2,4,5,5,1,3,4
R00739,9,Colwyn,v2_12month,9.5,35-54,Male,West,High school or less,Suburban,1,1,1,5,4,3,2,1,5,4,3
R00740,6,Colwyn,v2_12month,7.8,35-54,Female,West,Bachelor's or higher,Urban,0,0,0,1,5,4,3,2,1,5,4
R00741,4,Colwyn,v2_12month,5.5,18-34,Female,Midwest,High school or less,Suburban,1,0,0,2,3,5,1,1,2,4,5
R00742,9,Colwyn,v2_12month,8.2,35-54,Male,Midwest,Bachelor's or higher,Urban,1,0,0,2,5,4,3,2,1,4,3
R00743,7,Colwyn,v2_12month,8.7,18-34,Female,West,Bachelor's or higher,Rural,0,0,0,3,4,5,1,2,3,4,1
R00744,8,Colwyn,v2_12month,5.2,18-34,Male,West,Bachelor's or higher,Urban,1,0,0,5,4,3,2,4,3,2,1
R00745,6,Colwyn,v2_12month,6.1,18-34,Male,Midwest,Bachelor's or higher,Urban,0,0,0,3,4,1,2,4,5,2,3
R00746,5,Colwyn,v2_12month,9.7,55-64,Male,South,Some college,Urban,1,1,1,3,2,5,4,2,1,4,3
R00747,2,Meridian,v1_3month,7.1,65+,Female,Midwest,Bachelor's or higher,Suburban,1,0,0,2,3,4,5,3,4,5,1
R00748,1,Meridian,v1_3month,5.7,18-34,Female,South,Some college,Suburban,0,0,0,5,4,3,2,1,5,4,3
R00749,9,Colwyn,v2_12month,6.2,35-54,Female,West,High school or less,Suburban,1,1,1,1,2,4,5,5,1,3,4
R00750,9,Colwyn,v2_12month,6.5,65+,Female,Northeast,High school or less,Urban,1,1,0,3,4,5,1,4,5,1,2
R00751,1,Meridian,v1_3month,8.0,65+,Male,West,Bachelor's or higher,Urban,0,0,0,4,3,1,5,3,2,5,4
R00752,8,Colwyn,v2_12month,9.4,18-34,Male,Northeast,Bachelor's or higher,Suburban,0,0,0,3,4,1,2,4,5,2,3
R00753,5,Colwyn,v2_12month,6.4,18-34,Male,Northeast,Some college,Urban,0,0,0,5,4,3,2,4,3,2,1
R00754,3,Meridian,v2_12month,5.0,65+,Male,Midwest,Bachelor's or higher,Suburban,0,0,0,3,4,5,1,2,3,4,5
R00755,9,Colwyn,v2_12month,4.8,18-34,Female,South,Bachelor's or higher,Urban,1,0,0,1,5,3,2,2,1,4,3
R00756,9,Colwyn,v2_12month,5.9,18-34,Female,West,High school or less,Suburban,0,0,0,5,1,3,4,4,5,2,3
R00757,5,Colwyn,v2_12month,7.6,18-34,Male,West,Bachelor's or higher,Rural,0,0,0,3,2,1,5,4,3,2,1
R00758,2,Meridian,v1_3month,6.8,55-64,Female,Midwest,Bachelor's or higher,Urban,1,1,1,1,2,3,4,2,3,4,5
R00759,4,Colwyn,v2_12month,9.3,35-54,Female,South,High school or less,Urban,1,0,0,5,4,2,1,4,3,1,5
R00760,6,Colwyn,v2_12month,6.6,18-34,Male,South,Some college,Suburban,1,0,0,2,1,4,3,1,5,3,2
R00761,8,Colwyn,v2_12month,5.0,35-54,Male,Midwest,Bachelor's or higher,Urban,1,0,0,1,2,3,4,2,3,4,5
R00762,5,Colwyn,v2_12month,9.7,18-34,Male,South,Some college,Rural,0,0,0,4,3,1,5,3,2,1,5
R00763,8,Colwyn,v2_12month,5.4,65+,Male,Northeast,Some college,Suburban,1,1,1,1,2,4,5,2,3,5,1
R00764,8,Colwyn,v2_12month,7.5,18-34,Female,West,Bachelor's or higher,Suburban,0,0,0,1,5,3,2,2,1,4,3
R00765,4,Colwyn,v2_12month,8.0,35-54,Male,South,Some college,Suburban,0,0,0,2,3,4,5,1,2,3,4
R00766,8,Colwyn,v2_12month,4.9,35-54,Male,South,Bachelor's or higher,Suburban,1,1,0,2,1,5,4,3,2,1,5
R00767,6,Colwyn,v2_12month,6.5,35-54,Male,South,Some college,Rural,1,0,0,3,4,1,2,2,3,5,1
R00768,5,Colwyn,v2_12month,5.3,18-34,Male,South,Some college,Urban,0,0,0,1,5,3,2,5,4,2,1
R00769,3,Meridian,v2_12month,9.1,55-64,Male,Midwest,Some college,Suburban,1,1,0,5,1,2,3,1,2,3,4
R00770,2,Meridian,v1_3month,6.4,55-64,Male,West,High school or less,Suburban,1,1,0,2,2,2,2,2,2,2,2
R00771,4,Colwyn,v2_12month,6.3,18-34,Male,South,High school or less,Urban,0,0,0,3,2,1,5,2,1,5,4
R00772,8,Colwyn,v2_12month,8.7,55-64,Male,South,High school or less,Urban,1,0,0,3,4,5,1,4,5,1,2
R00773,5,Colwyn,v2_12month,8.9,35-54,Female,West,Bachelor's or higher,Suburban,1,0,0,5,4,2,1,4,3,1,5
R00774,8,Colwyn,v2_12month,7.3,18-34,Female,South,Bachelor's or higher,Suburban,0,0,0,5,1,3,4,4,5,2,3
R00775,9,Colwyn,v2_12month,6.6,18-34,Female,South,Some college,Rural,0,0,0,4,3,2,1,5,4,3,2
R00776,6,Colwyn,v2_12month,7.3,65+,Male,West,Some college,Urban,1,0,0,5,1,2,3,4,5,1,2
R00777,8,Colwyn,v2_12month,5.9,18-34,Female,Northeast,Some college,Suburban,0,0,0,3,2,5,4,4,3,1,5
R00778,6,Colwyn,v2_12month,7.9,18-34,Male,West,Bachelor's or higher,Urban,0,0,0,1,1,1,1,1,1,1,1
R00779,8,Colwyn,v2_12month,5.6,18-34,Male,South,Some college,Urban,0,0,0,4,3,2,1,3,2,1,5
R00780,8,Colwyn,v2_12month,2.4,18-34,Male,Midwest,Bachelor's or higher,Suburban,0,0,0,4,3,2,1,3,2,1,5
R00781,4,Colwyn,v2_12month,5.4,35-54,Female,South,Bachelor's or higher,Suburban,1,1,1,3,4,1,2,4,5,2,3
R00782,5,Colwyn,v2_12month,5.2,18-34,Female,South,Some college,Suburban,1,0,0,4,3,1,5,3,2,5,4
R00783,3,Meridian,v2_12month,8.9,35-54,Male,South,High school or less,Suburban,1,0,0,1,2,3,4,2,3,4,5
R00784,6,Colwyn,v2_12month,4.9,35-54,Female,South,High school or less,Urban,1,0,0,1,5,4,3,2,1,5,4
R00785,1,Meridian,v1_3month,7.0,65+,Male,Northeast,Bachelor's or higher,Urban,0,0,0,3,4,1,2,2,3,5,1
R00786,8,Colwyn,v2_12month,7.7,18-34,Female,South,Bachelor's or higher,Urban,0,0,0,3,2,5,4,4,3,1,5
R00787,8,Colwyn,v2_12month,8.5,35-54,Female,West,Some college,Urban,1,0,0,2,3,4,5,1,2,3,4
R00788,9,Colwyn,v2_12month,7.4,55-64,Female,West,Bachelor's or higher,Suburban,1,0,0,3,2,1,5,2,1,5,4
R00789,8,Colwyn,v2_12month,5.1,55-64,Male,West,High school or less,Rural,1,0,0,4,5,2,3,5,1,3,4
R00790,7,Colwyn,v2_12month,6.8,18-34,Male,Midwest,Bachelor's or higher,Rural,1,0,0,2,3,4,5,1,2,3,4
R00791,6,Colwyn,v2_12month,6.0,18-34,Female,West,Bachelor's or higher,Suburban,1,0,0,2,2,2,2,2,2,2,2
R00792,6,Colwyn,v2_12month,5.3,35-54,Male,West,High school or less,Suburban,1,0,0,2,3,5,1,1,2,4,5
R00793,4,Colwyn,v2_12month,5.5,18-34,Female,West,Some college,Suburban,1,0,0,1,5,4,3,2,1,5,4
R00794,7,Colwyn,v2_12month,7.8,35-54,Female,Northeast,High school or less,Suburban,0,0,0,2,3,4,5,3,4,5,1
R00795,1,Meridian,v1_3month,9.2,55-64,Female,West,Bachelor's or higher,Suburban,1,1,1,1,5,3,2,5,4,2,1
R00796,3,Meridian,v2_12month,9.4,65+,Male,South,Some college,Rural,1,0,0,1,2,4,5,2,3,5,1
R00797,5,Colwyn,v2_12month,8.9,55-64,Male,Midwest,High school or less,Suburban,1,1,0,2,1,5,4,1,5,4,3
R00798,3,Meridian,v2_12month,2.5,35-54,Female,South,High school or less,Rural,1,0,0,3,4,5,1,2,4,5,1
R00799,1,Meridian,v1_3month,6.8,55-64,Male,South,Some college,Urban,1,0,0,3,2,5,4,4,2,1,5
R00800,9,Colwyn,v2_12month,8.5,18-34,Female,Midwest,Bachelor's or higher,Rural,0,0,0,1,1,1,1,1,1,1,1
R00801,9,Colwyn,v2_12month,8.1,18-34,Male,Northeast,Bachelor's or higher,Urban,0,0,0,4,3,1,5,5,4,2,1
R00802,4,Colwyn,v2_12month,5.3,18-34,Female,Midwest,High school or less,Rural,0,0,0,5,1,3,4,4,5,2,3
R00803,6,Colwyn,v2_12month,7.6,18-34,Female,South,Bachelor's or higher,Suburban,0,0,0,4,3,2,1,5,4,3,2
R00804,5,Colwyn,v2_12month,6.9,18-34,Female,Midwest,Bachelor's or higher,Suburban,1,1,1,5,1,2,3,1,2,3,4
R00805,4,Colwyn,v2_12month,6.0,55-64,Male,South,Some college,Urban,1,1,0,5,4,2,1,4,3,1,5
R00806,6,Colwyn,v2_12month,5.9,18-34,Male,Northeast,Bachelor's or higher,Urban,1,0,0,1,2,4,5,2,3,5,1
R00807,8,Colwyn,v2_12month,6.7,18-34,Male,West,Bachelor's or higher,Urban,1,0,0,3,2,1,5,2,1,5,4
R00808,6,Colwyn,v2_12month,6.9,55-64,Male,Midwest,High school or less,Suburban,1,1,0,4,5,1,2,3,4,5,1
R00809,3,Meridian,v2_12month,6.2,35-54,Male,West,High school or less,Urban,1,1,0,5,4,2,1,1,5,3,2
R00810,4,Colwyn,v2_12month,6.2,18-34,Male,South,High school or less,Urban,0,0,0,1,5,4,3,5,4,3,2
R00811,5,Colwyn,v2_12month,6.3,35-54,Male,West,High school or less,Urban,1,0,0,3,4,1,2,4,5,2,3
R00812,5,Colwyn,v2_12month,5.3,55-64,Female,West,Bachelor's or higher,Suburban,1,1,1,3,2,5,4,2,1,4,3
R00813,3,Meridian,v2_12month,8.6,65+,Male,South,High school or less,Urban,0,0,0,4,4,4,4,4,4,4,4
R00814,9,Colwyn,v2_12month,6.4,18-34,Female,South,Some college,Rural,1,1,1,2,1,5,4,3,2,1,5
R00815,2,Meridian,v1_3month,7.1,35-54,Female,South,Bachelor's or higher,Suburban,1,0,0,3,4,1,2,2,3,5,1
R00816,8,Colwyn,v2_12month,5.7,18-34,Female,South,Some college,Suburban,0,0,0,1,5,3,2,2,1,4,3
R00817,6,Colwyn,v2_12month,7.2,18-34,Male,West,Some college,Urban,0,0,0,3,4,5,1,2,3,4,5
R00818,8,Colwyn,v2_12month,7.1,18-34,Male,South,Bachelor's or higher,Urban,1,0,0,1,5,4,3,5,4,3,2
R00819,6,Colwyn,v2_12month,7.8,65+,Female,West,High school or less,Urban,1,1,1,1,2,4,5,2,3,5,1
R00820,2,Meridian,v1_3month,7.1,65+,Male,Northeast,Some college,Rural,1,1,1,5,1,3,4,4,5,2,3
R00821,7,Colwyn,v2_12month,8.8,35-54,Female,South,High school or less,Urban,1,1,1,2,1,5,4,3,2,1,5
R00822,2,Meridian,v1_3month,8.5,55-64,Male,West,Some college,Suburban,1,0,0,5,5,5,5,5,5,5,5
R00823,8,Colwyn,v2_12month,9.4,18-34,Male,South,High school or less,Rural,0,0,0,4,3,1,5,5,4,2,1
R00824,7,Colwyn,v2_12month,9.2,18-34,Male,West,Bachelor's or higher,Urban,0,0,0,1,2,4,5,2,3,5,1
R00825,4,Colwyn,v2_12month,5.9,35-54,Female,South,High school or less,Urban,1,1,0,3,2,1,5,2,1,5,4
R00826,3,Meridian,v2_12month,9.0,55-64,Male,Midwest,High school or less,Rural,1,0,0,3,4,5,1,4,5,1,2
R00827,5,Colwyn,v2_12month,6.8,18-34,Male,South,Bachelor's or higher,Urban,0,0,0,4,3,1,5,3,2,5,4
R00828,5,Colwyn,v2_12month,6.4,35-54,Male,Midwest,Some college,Urban,0,0,0,1,2,4,5,5,1,3,4
R00829,7,Colwyn,v2_12month,9.9,35-54,Male,West,Bachelor's or higher,Rural,1,0,0,5,4,3,2,1,5,4,3
R00830,6,Colwyn,v2_12month,1.7,18-34,Female,West,High school or less,Suburban,0,0,0,1,5,3,2,2,1,4,3
R00831,6,Colwyn,v2_12month,6.6,18-34,Male,Midwest,Bachelor's or higher,Rural,0,0,0,5,1,2,3,4,5,1,2
R00832,3,Meridian,v2_12month,5.3,35-54,Female,West,Some college,Suburban,0,0,0,4,3,2,1,5,4,3,2
R00833,6,Colwyn,v2_12month,5.1,35-54,Male,West,High school or less,Urban,0,0,0,5,1,3,4,4,5,2,3
R00834,1,Meridian,v1_3month,9.0,55-64,Female,Midwest,Bachelor's or higher,Suburban,1,0,0,4,3,1,5,3,2,5,4
R00835,7,Colwyn,v2_12month,7.6,18-34,Male,Northeast,High school or less,Suburban,0,0,0,5,1,2,3,1,2,3,4
R00836,5,Colwyn,v2_12month,8.7,55-64,Female,Northeast,Bachelor's or higher,Suburban,1,1,1,5,4,3,2,4,3,2,1
R00837,3,Meridian,v2_12month,5.7,65+,Male,South,Some college,Rural,1,1,1,4,5,2,3,5,1,3,4
R00838,9,Colwyn,v2_12month,6.6,35-54,Male,West,Some college,Urban,1,1,0,5,4,2,1,1,5,3,2
R00839,2,Meridian,v1_3month,6.5,35-54,Female,South,Bachelor's or higher,Urban,0,0,0,1,2,3,4,5,1,2,3
R00840,3,Meridian,v2_12month,8.7,35-54,Male,South,High school or less,Suburban,0,0,0,4,5,1,2,5,1,2,3
R00841,5,Colwyn,v2_12month,5.0,18-34,Female,Midwest,Some college,Suburban,0,0,0,2,1,4,3,1,5,3,2
R00842,4,Colwyn,v2_12month,5.2,35-54,Female,South,Bachelor's or higher,Urban,1,0,0,5,1,3,4,1,2,4,5
R00843,8,Colwyn,v2_12month,8.8,18-34,Male,Midwest,Bachelor's or higher,Suburban,1,0,0,2,1,5,4,1,5,4,3
R00844,2,Meridian,v1_3month,8.3,55-64,Female,West,Some college,Urban,0,0,0,5,1,2,3,4,5,1,2
R00845,8,Colwyn,v2_12month,9.2,18-34,Female,South,Bachelor's or higher,Urban,1,0,0,1,5,3,2,2,1,4,3
R00846,4,Colwyn,v2_12month,6.8,55-64,Male,Northeast,Bachelor's or higher,Rural,0,0,0,1,2,4,5,5,1,3,4
R00847,6,Colwyn,v2_12month,9.9,35-54,Female,South,High school or less,Urban,1,0,0,4,3,2,1,5,4,3,2
R00848,4,Colwyn,v2_12month,7.8,18-34,Male,South,High school or less,Suburban,0,0,0,2,3,4,5,3,4,5,1
R00849,8,Colwyn,v2_12month,6.3,35-54,Male,South,Some college,Urban,1,0,0,3,2,5,4,2,1,4,3
R00850,7,Colwyn,v2_12month,8.2,18-34,Female,South,Bachelor's or higher,Urban,0,0,0,5,4,3,2,1,5,4,3
R00851,3,Meridian,v2_12month,4.8,35-54,Male,Midwest,High school or less,Rural,0,0,0,1,2,4,5,5,1,3,4
R00852,6,Colwyn,v2_12month,5.6,18-34,Female,South,Some college,Suburban,0,0,0,5,4,2,1,1,5,3,2
R00853,9,Colwyn,v2_12month,6.1,35-54,Male,South,Some college,Urban,1,1,0,5,1,2,3,4,5,1,2
R00854,9,Colwyn,v2_12month,5.8,18-34,Male,West,Bachelor's or higher,Urban,1,0,0,3,2,1,5,2,1,5,4
R00855,5,Colwyn,v2_12month,6.5,18-34,Female,Midwest,Bachelor's or higher,Urban,1,0,0,1,2,4,5,2,3,5,1
R00856,5,Colwyn,v2_12month,4.9,35-54,Male,South,Some college,Urban,0,0,0,5,4,2,1,4,3,1,5
R00857,4,Colwyn,v2_12month,7.5,35-54,Female,South,High school or less,Urban,1,1,1,1,2,3,4,2,3,4,5
R00858,6,Colwyn,v2_12month,8.3,18-34,Male,Northeast,Bachelor's or higher,Urban,1,0,0,3,2,1,5,4,3,2,1
R00859,1,Meridian,v1_3month,6.6,35-54,Female,Northeast,Some college,Rural,1,1,0,5,1,3,4,4,5,2,3
R00860,9,Colwyn,v2_12month,7.0,35-54,Male,Northeast,High school or less,Suburban,1,1,1,2,3,5,1,3,4,1,2
R00861,8,Colwyn,v2_12month,9.1,35-54,Female,Midwest,Bachelor's or higher,Suburban,1,0,0,1,5,4,3,5,4,3,2
R00862,4,Colwyn,v2_12month,9.1,55-64,Male,West,High school or less,Urban,1,1,1,2,3,4,5,3,4,5,1
R00863,6,Colwyn,v2_12month,9.5,35-54,Female,West,Bachelor's or higher,Rural,1,1,1,3,2,5,4,2,1,4,3
R00864,9,Colwyn,v2_12month,6.5,18-34,Female,South,Some college,Suburban,1,0,0,4,5,2,3,3,4,1,2
R00865,8,Colwyn,v2_12month,6.0,18-34,Female,South,Some college,Urban,0,0,0,3,3,3,3,3,3,3,3
R00866,5,Colwyn,v2_12month,7.7,18-34,Male,West,High school or less,Urban,0,0,0,3,4,5,1,2,3,4,5
R00867,9,Colwyn,v2_12month,5.1,35-54,Female,South,High school or less,Rural,0,0,0,1,5,3,2,2,1,4,3
R00868,8,Colwyn,v2_12month,8.9,35-54,Female,South,High school or less,Suburban,1,1,1,5,1,3,4,1,2,4,5
R00869,9,Colwyn,v2_12month,6.1,18-34,Male,South,Some college,Urban,1,1,1,1,5,4,3,5,4,3,2
R00870,5,Colwyn,v2_12month,10.0,35-54,Male,South,Some college,Rural,1,0,0,3,2,5,4,2,1,4,3
R00871,3,Meridian,v2_12month,7.4,18-34,Female,South,High school or less,Suburban,0,0,0,3,3,3,3,3,3,3,3
R00872,8,Colwyn,v2_12month,5.5,18-34,Male,West,Bachelor's or higher,Urban,0,0,0,1,5,4,3,5,4,3,2
R00873,4,Colwyn,v2_12month,6.4,18-34,Female,Midwest,Bachelor's or higher,Urban,0,0,0,4,5,2,3,5,1,3,4
R00874,7,Colwyn,v2_12month,8.5,35-54,Male,Midwest,High school or less,Urban,1,0,0,2,1,4,3,3,2,5,4
R00875,7,Colwyn,v2_12month,9.0,18-34,Female,Northeast,Bachelor's or higher,Urban,1,0,0,4,5,1,2,3,4,5,1
R00876,7,Colwyn,v2_12month,8.1,35-54,Female,South,Some college,Urban,1,0,0,2,1,5,4,3,2,1,5
R00877,1,Meridian,v1_3month,5.8,35-54,Male,Midwest,High school or less,Suburban,1,0,0,3,4,1,2,2,3,5,1
R00878,4,Colwyn,v2_12month,8.5,18-34,Male,Midwest,Some college,Urban,0,0,0,2,1,4,3,1,5,3,2
R00879,1,Meridian,v1_3month,8.3,35-54,Female,Midwest,High school or less,Urban,1,1,0,5,1,2,3,1,2,3,4
R00880,3,Meridian,v2_12month,6.1,35-54,Male,Northeast,Bachelor's or higher,Suburban,1,0,0,4,5,1,2,3,4,5,1
R00881,9,Colwyn,v2_12month,8.3,18-34,Female,West,Some college,Urban,1,0,0,4,3,1,5,5,4,2,1
R00882,8,Colwyn,v2_12month,6.5,18-34,Male,South,Bachelor's or higher,Urban,0,0,0,3,4,1,2,2,3,5,1
R00883,7,Colwyn,v2_12month,7.7,55-64,Female,South,Bachelor's or higher,Rural,1,0,0,4,3,2,1,5,4,3,2
R00884,8,Colwyn,v2_12month,10.0,65+,Female,South,Bachelor's or higher,Suburban,1,0,0,3,4,5,1,4,5,1,2
R00885,5,Colwyn,v2_12month,6.2,55-64,Male,Midwest,High school or less,Rural,1,1,1,4,3,1,5,3,2,5,4
R00886,7,Colwyn,v2_12month,6.5,18-34,Male,West,Bachelor's or higher,Urban,0,0,0,4,5,2,3,5,1,3,4
R00887,9,Colwyn,v2_12month,2.7,18-34,Female,South,Some college,Suburban,0,0,0,4,3,2,1,3,2,1,5
R00888,6,Colwyn,v2_12month,5.9,18-34,Male,West,Some college,Urban,1,1,1,3,3,3,3,3,3,3,3
R00889,6,Colwyn,v2_12month,6.2,35-54,Female,Northeast,Some college,Rural,1,0,0,4,3,1,5,5,4,2,1
R00890,5,Colwyn,v2_12month,6.4,35-54,Female,South,Some college,Urban,1,0,0,1,5,4,3,5,4,3,2
R00891,8,Colwyn,v2_12month,8.0,18-34,Male,Northeast,Some college,Urban,0,0,0,4,5,2,3,5,1,3,4
R00892,6,Colwyn,v2_12month,5.6,18-34,Male,South,Some college,Urban,1,0,0,2,1,4,3,1,5,3,2
R00893,4,Colwyn,v2_12month,9.4,18-34,Male,South,Some college,Suburban,0,0,0,1,1,1,1,1,1,1,1
R00894,5,Colwyn,v2_12month,9.3,35-54,Female,South,High school or less,Urban,1,0,0,5,4,3,2,1,5,4,3
R00895,3,Meridian,v2_12month,7.6,65+,Male,Midwest,Some college,Urban,0,0,0,3,4,1,2,2,3,5,1
R00896,9,Colwyn,v2_12month,8.1,18-34,Female,South,Bachelor's or higher,Urban,1,0,0,2,1,4,3,3,2,5,4
R00897,8,Colwyn,v2_12month,8.9,55-64,Female,West,Some college,Urban,0,0,0,5,1,2,3,4,5,1,2
R00898,3,Meridian,v2_12month,4.8,35-54,Male,Midwest,Some college,Urban,0,0,0,4,3,2,1,3,2,1,5
R00899,9,Colwyn,v2_12month,5.7,18-34,Male,Northeast,Some college,Suburban,0,0,0,2,3,5,1,3,4,1,2
R00900,6,Colwyn,v2_12month,8.1,55-64,Male,West,High school or less,Suburban,1,0,0,2,1,4,3,3,2,5,4
R00901,8,Colwyn,v2_12month,7.1,18-34,Female,South,High school or less,Suburban,1,0,0,1,2,3,4,5,1,2,3
R00902,4,Colwyn,v2_12month,7.4,18-34,Male,West,Bachelor's or higher,Suburban,0,0,0,4,3,2,1,5,4,3,2
R00903,4,Colwyn,v2_12month,7.9,18-34,Male,Midwest,Bachelor's or higher,Urban,1,1,1,1,2,4,5,5,1,3,4
R00904,6,Colwyn,v2_12month,9.9,18-34,Male,South,Bachelor's or higher,Suburban,1,0,0,1,5,3,2,5,4,2,1
R00905,4,Colwyn,v2_12month,9.8,35-54,Female,South,Some college,Urban,1,1,0,4,5,1,2,5,1,2,3
R00906,1,Meridian,v1_3month,9.7,35-54,Female,Midwest,High school or less,Suburban,0,0,0,2,1,5,4,1,5,4,3
R00907,5,Colwyn,v2_12month,6.1,35-54,Female,South,High school or less,Suburban,1,0,0,5,1,3,4,1,2,4,5
R00908,4,Colwyn,v2_12month,9.9,55-64,Female,South,Some college,Urban,1,0,0,1,5,3,2,2,1,4,3
R00909,9,Colwyn,v2_12month,5.2,35-54,Male,Midwest,High school or less,Urban,0,0,0,3,4,5,1,2,3,4,5
R00910,1,Meridian,v1_3month,8.0,35-54,Female,Northeast,Bachelor's or higher,Suburban,0,0,0,1,2,4,5,5,1,3,4
R00911,4,Colwyn,v2_12month,9.2,65+,Male,South,High school or less,Urban,1,0,0,5,4,3,2,1,5,4,3
R00912,6,Colwyn,v2_12month,7.7,35-54,Female,South,High school or less,Suburban,1,0,0,5,1,2,3,4,5,1,2
R00913,7,Colwyn,v2_12month,6.9,18-34,Female,South,Some college,Suburban,1,1,1,5,4,2,1,1,5,3,2
R00914,2,Meridian,v1_3month,5.1,65+,Male,South,Some college,Rural,0,0,0,4,5,2,3,5,1,3,4
R00915,3,Meridian,v2_12month,7.6,35-54,Female,West,Bachelor's or higher,Suburban,1,0,0,5,4,3,2,4,3,2,1
R00916,3,Meridian,v2_12month,5.1,35-54,Male,West,Bachelor's or higher,Urban,1,1,0,5,1,2,3,1,2,3,4
R00917,8,Colwyn,v2_12month,9.6,18-34,Female,South,Bachelor's or higher,Urban,1,0,0,2,2,2,2,2,2,2,2
R00918,5,Colwyn,v2_12month,7.9,35-54,Male,West,Bachelor's or higher,Rural,1,0,0,3,4,1,2,2,3,5,1
R00919,2,Meridian,v1_3month,7.4,35-54,Female,West,Bachelor's or higher,Suburban,1,1,1,1,5,4,3,2,1,5,4
R00920,2,Meridian,v1_3month,7.2,65+,Female,Midwest,High school or less,Suburban,1,1,1,2,1,5,4,1,5,4,3
R00921,7,Colwyn,v2_12month,7.9,35-54,Female,South,High school or less,Suburban,1,0,0,5,1,3,4,1,2,4,5
R00922,7,Colwyn,v2_12month,6.3,18-34,Male,West,Bachelor's or higher,Suburban,0,0,0,4,3,1,5,3,2,5,4
R00923,6,Colwyn,v2_12month,8.9,18-34,Male,South,Some college,Suburban,1,1,1,5,1,2,3,1,2,3,4
R00924,9,Colwyn,v2_12month,9.6,35-54,Male,West,High school or less,Suburban,1,1,1,4,3,2,1,5,4,3,2
R00925,5,Colwyn,v2_12month,6.2,35-54,Male,South,Some college,Urban,1,1,1,5,1,3,4,4,5,2,3
R00926,8,Colwyn,v2_12month,7.1,18-34,Male,West,Bachelor's or higher,Rural,0,0,0,4,3,1,5,5,4,2,1
R00927,3,Meridian,v2_12month,7.5,18-34,Female,South,Bachelor's or higher,Suburban,1,0,0,4,5,1,2,3,4,5,1
R00928,8,Colwyn,v2_12month,8.6,18-34,Female,South,Bachelor's or higher,Suburban,1,0,0,4,3,2,1,3,2,1,5
R00929,3,Meridian,v2_12month,2.3,55-64,Female,West,Some college,Urban,0,0,0,2,3,5,1,3,4,1,2
R00930,1,Meridian,v1_3month,6.0,18-34,Female,Midwest,Bachelor's or higher,Urban,0,0,0,4,5,1,2,3,4,5,1
R00931,4,Colwyn,v2_12month,8.4,18-34,Male,Midwest,Bachelor's or higher,Rural,1,0,0,2,1,4,3,3,2,5,4
R00932,4,Colwyn,v2_12month,6.8,18-34,Female,South,Bachelor's or higher,Suburban,0,0,0,3,4,1,2,2,3,5,1
R00933,8,Colwyn,v2_12month,9.3,35-54,Male,Northeast,High school or less,Urban,1,0,0,3,2,1,5,4,3,1,5
R00934,4,Colwyn,v2_12month,9.5,35-54,Male,West,High school or less,Urban,1,1,0,1,2,3,4,2,3,4,5
R00935,4,Colwyn,v2_12month,9.8,35-54,Female,South,Bachelor's or higher,Rural,0,0,0,3,2,5,4,2,1,4,3
R00936,9,Colwyn,v2_12month,5.1,18-34,Female,South,Bachelor's or higher,Urban,1,0,0,3,4,1,2,4,5,2,3
R00937,5,Colwyn,v2_12month,7.2,18-34,Female,West,High school or less,Urban,1,0,0,1,5,4,3,5,4,3,2
R00938,9,Colwyn,v2_12month,2.5,65+,Female,South,High school or less,Urban,0,0,0,1,2,3,4,5,1,2,3
R00939,8,Colwyn,v2_12month,8.8,35-54,Male,Northeast,Some college,Urban,1,0,0,1,5,3,2,2,1,4,3
R00940,5,Colwyn,v2_12month,5.1,35-54,Female,South,Bachelor's or higher,Urban,1,0,0,1,5,3,2,5,4,2,1
R00941,2,Meridian,v1_3month,10.0,65+,Male,West,Some college,Urban,1,0,0,4,5,1,2,5,1,2,3
R00942,3,Meridian,v2_12month,7.7,18-34,Female,West,High school or less,Urban,0,0,0,4,3,2,1,3,2,1,5
R00943,7,Colwyn,v2_12month,5.6,35-54,Female,West,Bachelor's or higher,Urban,0,0,0,1,2,4,5,2,3,5,1
R00944,5,Colwyn,v2_12month,8.9,18-34,Male,West,Bachelor's or higher,Suburban,0,0,0,5,4,2,1,1,5,3,2
R00945,3,Meridian,v2_12month,1.8,65+,Female,South,Bachelor's or higher,Rural,1,1,0,2,3,4,5,1,2,3,4
R00946,6,Colwyn,v2_12month,9.8,35-54,Male,Midwest,High school or less,Suburban,0,0,0,5,4,3,2,1,5,4,3
R00947,1,Meridian,v1_3month,2.0,35-54,Female,West,Bachelor's or higher,Rural,1,1,1,1,2,4,5,5,1,3,4
R00948,4,Colwyn,v2_12month,9.0,35-54,Female,West,Some college,Suburban,1,0,0,4,3,1,5,3,2,5,4
R00949,8,Colwyn,v2_12month,9.9,18-34,Male,South,Bachelor's or higher,Urban,0,0,0,5,5,5,5,5,5,5,5
R00950,3,Meridian,v2_12month,7.3,35-54,Female,South,Bachelor's or higher,Suburban,1,0,0,3,4,1,2,4,5,2,3
R00951,7,Colwyn,v2_12month,9.6,18-34,Male,South,Some college,Rural,1,0,0,2,1,5,4,1,5,4,3
R00952,8,Colwyn,v2_12month,4.9,35-54,Female,Northeast,Some college,Urban,1,0,0,3,4,5,1,4,5,1,2
R00953,3,Meridian,v2_12month,8.7,18-34,Female,West,Bachelor's or higher,Suburban,1,1,1,4,3,1,5,3,2,5,4
R00954,6,Colwyn,v2_12month,8.6,18-34,Female,West,Bachelor's or higher,Suburban,0,0,0,4,5,2,3,3,4,1,2
R00955,5,Colwyn,v2_12month,7.0,18-34,Female,Northeast,Some college,Urban,1,0,0,3,2,1,5,4,3,2,1
R00956,7,Colwyn,v2_12month,9.9,18-34,Male,West,Bachelor's or higher,Urban,0,0,0,4,5,1,2,3,4,5,1
R00957,9,Colwyn,v2_12month,9.6,35-54,Female,South,High school or less,Urban,1,1,1,2,1,4,3,3,2,5,4
R00958,7,Colwyn,v2_12month,7.6,18-34,Male,West,Some college,Suburban,1,1,0,2,3,5,1,3,4,1,2
R00959,4,Colwyn,v2_12month,6.0,35-54,Female,South,High school or less,Urban,0,0,0,4,3,2,1,3,2,1,5
R00960,1,Meridian,v1_3month,6.9,18-34,Female,South,Bachelor's or higher,Urban,1,0,0,1,5,4,3,2,1,5,4
R00961,2,Meridian,v1_3month,7.4,35-54,Female,South,Bachelor's or higher,Suburban,0,0,0,4,5,2,3,3,4,1,2
R00962,5,Colwyn,v2_12month,9.0,18-34,Male,Midwest,Bachelor's or higher,Urban,0,0,0,2,1,4,3,3,2,5,4
R00963,6,Colwyn,v2_12month,8.8,18-34,Male,West,Some college,Suburban,0,0,0,3,4,5,1,2,3,4,5
R00964,4,Colwyn,v2_12month,6.6,18-34,Male,West,Some college,Urban,1,0,0,2,1,5,4,1,5,4,3
R00965,8,Colwyn,v2_12month,5.7,18-34,Male,West,Bachelor's or higher,Urban,1,0,0,3,4,1,2,4,5,2,3
R00966,6,Colwyn,v2_12month,9.2,35-54,Female,West,Bachelor's or higher,Urban,0,0,0,3,2,5,4,2,1,4,3
R00967,9,Colwyn,v2_12month,4.9,55-64,Male,West,Some college,Urban,1,1,0,2,3,4,5,3,4,5,1
R00968,7,Colwyn,v2_12month,7.6,55-64,Male,South,Bachelor's or higher,Urban,1,0,0,2,2,2,2,2,2,2,2
R00969,9,Colwyn,v2_12month,7.5,18-34,Female,South,Bachelor's or higher,Urban,1,0,0,1,2,4,5,5,1,3,4
R00970,2,Meridian,v1_3month,6.2,18-34,Male,West,Bachelor's or higher,Urban,0,0,0,2,3,4,5,3,4,5,1
R00971,8,Colwyn,v2_12month,7.6,18-34,Female,South,High school or less,Urban,1,0,0,3,2,5,4,2,1,4,3
R00972,9,Colwyn,v2_12month,8.0,18-34,Female,Midwest,High school or less,Urban,0,0,0,3,4,1,2,4,5,2,3
R00973,3,Meridian,v2_12month,7.3,35-54,Male,West,Bachelor's or higher,Urban,1,1,1,3,2,1,5,2,1,5,4
R00974,5,Colwyn,v2_12month,7.6,35-54,Female,South,High school or less,Suburban,0,0,0,3,4,5,1,2,3,4,5
R00975,4,Colwyn,v2_12month,9.8,35-54,Male,Midwest,Bachelor's or higher,Urban,1,0,0,3,3,3,3,3,3,3,3
R00976,1,Meridian,v1_3month,7.9,35-54,Female,South,Bachelor's or higher,Suburban,1,1,0,2,3,5,1,1,2,4,5
R00977,9,Colwyn,v2_12month,9.1,18-34,Male,South,High school or less,Urban,1,0,0,3,2,1,5,4,3,2,1
R00978,3,Meridian,v2_12month,5.3,18-34,Female,Northeast,Some college,Suburban,1,0,0,3,4,5,1,4,5,1,2
R00979,8,Colwyn,v2_12month,5.5,55-64,Male,Northeast,High school or less,Urban,1,0,0,5,4,2,1,4,3,1,5
R00980,1,Meridian,v1_3month,5.0,35-54,Male,Midwest,Some college,Rural,1,1,1,3,2,5,4,4,3,1,5
R00981,8,Colwyn,v2_12month,8.9,18-34,Female,Northeast,High school or less,Urban,0,0,0,4,5,1,2,3,4,5,1
R00982,4,Colwyn,v2_12month,7.6,18-34,Female,Northeast,High school or less,Urban,1,0,0,4,3,2,1,5,4,3,2
R00983,7,Colwyn,v2_12month,9.2,18-34,Female,West,Bachelor's or higher,Urban,1,0,0,5,1,3,4,4,5,2,3
R00984,2,Meridian,v1_3month,9.2,18-34,Female,Northeast,High school or less,Rural,1,0,0,4,3,1,5,3,2,5,4
R00985,4,Colwyn,v2_12month,7.7,18-34,Female,South,High school or less,Urban,1,0,0,4,5,1,2,5,1,2,3
R00986,6,Colwyn,v2_12month,7.1,35-54,Female,South,Bachelor's or higher,Urban,1,0,0,1,5,4,3,5,4,3,2
R00987,4,Colwyn,v2_12month,8.0,18-34,Female,South,Bachelor's or higher,Urban,1,1,1,3,4,1,2,4,5,2,3
R00988,4,Colwyn,v2_12month,5.3,35-54,Male,West,Some college,Urban,1,0,0,4,3,1,5,5,4,2,1
R00989,4,Colwyn,v2_12month,6.1,18-34,Male,South,Bachelor's or higher,Suburban,1,0,0,1,2,3,4,5,1,2,3
R00990,4,Colwyn,v2_12month,9.9,35-54,Male,Northeast,High school or less,Urban,1,0,0,2,3,5,1,1,2,4,5
R00991,5,Colwyn,v2_12month,9.3,35-54,Male,Northeast,Bachelor's or higher,Urban,0,0,0,1,5,4,3,2,1,5,4
R00992,1,Meridian,v1_3month,8.3,35-54,Female,Midwest,Bachelor's or higher,Suburban,0,0,0,3,4,5,1,2,3,4,5
R00993,9,Colwyn,v2_12month,8.5,18-34,Male,South,Bachelor's or higher,Urban,0,0,0,1,5,3,2,2,1,4,3
R00994,7,Colwyn,v2_12month,7.4,18-34,Female,South,Bachelor's or higher,Suburban,0,0,0,2,3,5,1,3,4,1,2
R00995,6,Colwyn,v2_12month,9.0,18-34,Female,Midwest,Bachelor's or higher,Suburban,0,0,0,5,4,3,2,4,3,2,1
R00996,5,Colwyn,v2_12month,6.2,18-34,Female,Midwest,Bachelor's or higher,Suburban,1,0,0,5,1,2,3,1,2,3,4
R00997,9,Colwyn,v2_12month,6.4,18-34,Male,Midwest,Some college,Urban,0,0,0,3,2,5,4,2,1,4,3
R00998,3,Meridian,v2_12month,8.8,35-54,Female,West,High school or less,Suburban,0,0,0,5,1,3,4,4,5,2,3
R00999,2,Meridian,v1_3month,10.0,35-54,Male,West,Some college,Urban,0,0,0,5,4,3,2,1,5,4,3
R01000,4,Colwyn,v2_12month,9.3,55-64,Female,South,Some college,Rural,1,1,0,2,1,5,4,1,5,4,3
R01001,3,Meridian,v2_12month,5.4,35-54,Male,Northeast,Bachelor's or higher,Suburban,1,1,1,4,5,2,3,5,1,3,4
R01002,8,Colwyn,v2_12month,8.4,18-34,Female,West,Bachelor's or higher,Suburban,1,0,0,5,4,2,1,4,3,1,5
R01003,7,Colwyn,v2_12month,9.9,18-34,Male,West,Some college,Suburban,0,0,0,3,3,3,3,3,3,3,3
R01004,4,Colwyn,v2_12month,5.1,35-54,Male,West,High school or less,Rural,1,1,1,3,2,1,5,4,3,2,1
R01005,6,Colwyn,v2_12month,8.4,55-64,Female,West,Bachelor's or higher,Urban,1,0,0,4,5,2,3,3,4,1,2
R01006,8,Colwyn,v2_12month,9.4,18-34,Male,Northeast,High school or less,Suburban,0,0,0,3,2,5,4,4,3,1,5
R01007,6,Colwyn,v2_12month,8.0,18-34,Female,West,Some college,Urban,0,0,0,5,1,2,3,4,5,1,2
R01008,9,Colwyn,v2_12month,5.7,18-34,Female,South,High school or less,Urban,0,0,0,4,3,2,1,3,2,1,5
R01009,7,Colwyn,v2_12month,7.3,18-34,Male,West,Some college,Urban,1,0,0,2,3,5,1,3,4,1,2
R01010,6,Colwyn,v2_12month,6.9,65+,Male,West,High school or less,Urban,1,1,1,3,4,5,1,2,3,4,5
R01011,1,Meridian,v1_3month,8.7,18-34,Male,West,Bachelor's or higher,Suburban,0,0,0,2,1,4,3,3,2,5,4
R01012,1,Meridian,v1_3month,7.1,65+,Female,South,Bachelor's or higher,Urban,0,0,0,4,5,2,3,3,4,1,2
R01013,9,Colwyn,v2_12month,6.6,18-34,Female,South,Some college,Urban,0,0,0,2,1,5,4,3,2,1,5
R01014,9,Colwyn,v2_12month,9.8,35-54,Male,West,Some college,Urban,1,0,0,2,3,4,5,3,4,5,1
R01015,2,Meridian,v1_3month,9.0,55-64,Female,South,Bachelor's or higher,Urban,0,0,0,3,2,5,4,2,1,4,3
R01016,7,Colwyn,v2_12month,9.0,18-34,Female,West,Bachelor's or higher,Urban,0,0,0,4,4,4,4,4,4,4,4
R01017,9,Colwyn,v2_12month,6.4,18-34,Male,West,High school or less,Rural,1,0,0,3,2,1,5,2,1,5,4
R01018,7,Colwyn,v2_12month,8.7,55-64,Female,South,Some college,Urban,1,0,0,2,3,4,5,1,2,3,4
R01019,9,Colwyn,v2_12month,6.2,18-34,Female,Midwest,Some college,Rural,0,0,0,3,2,5,4,4,3,1,5
R01020,1,Meridian,v1_3month,5.5,65+,Male,West,Some college,Suburban,1,1,0,4,3,1,5,5,4,2,1
R01021,5,Colwyn,v2_12month,7.4,18-34,Female,Midwest,High school or less,Rural,0,0,0,1,2,3,4,5,1,2,3
R01022,6,Colwyn,v2_12month,8.3,35-54,Female,South,Bachelor's or higher,Urban,1,1,0,5,4,3,2,1,5,4,3
R01023,1,Meridian,v1_3month,6.6,35-54,Male,South,Bachelor's or higher,Rural,1,0,0,3,4,1,2,2,3,5,1
R01024,2,Meridian,v1_3month,5.2,18-34,Female,Northeast,Some college,Suburban,0,0,0,2,1,4,3,1,5,3,2
R01025,2,Meridian,v1_3month,8.9,35-54,Male,South,Some college,Suburban,1,1,0,1,2,3,4,2,3,4,5
R01026,6,Colwyn,v2_12month,8.9,18-34,Female,Midwest,Bachelor's or higher,Urban,1,0,0,2,1,5,4,1,5,4,3
R01027,9,Colwyn,v2_12month,6.7,18-34,Female,South,High school or less,Suburban,0,0,0,1,2,4,5,2,3,5,1
R01028,5,Colwyn,v2_12month,5.6,18-34,Female,South,Some college,Suburban,0,0,0,2,1,4,3,3,2,5,4
R01029,3,Meridian,v2_12month,6.0,55-64,Male,West,Some college,Rural,0,0,0,3,4,5,1,2,3,4,5
R01030,2,Meridian,v1_3month,2.0,65+,Female,West,High school or less,Suburban,1,0,0,5,1,3,4,4,5,2,3
R01031,5,Colwyn,v2_12month,4.9,18-34,Female,South,High school or less,Urban,1,0,0,5,4,3,2,1,5,4,3
R01032,7,Colwyn,v2_12month,8.6,35-54,Male,South,Some college,Urban,1,1,0,5,1,2,3,4,5,1,2
R01033,9,Colwyn,v2_12month,7.3,35-54,Female,West,High school or less,Suburban,0,0,0,4,3,1,5,5,4,2,1
R01034,3,Meridian,v2_12month,6.0,65+,Female,South,Bachelor's or higher,Urban,1,0,0,4,5,2,3,5,1,3,4
R01035,7,Colwyn,v2_12month,5.5,18-34,Female,South,Some college,Rural,0,0,0,1,1,1,1,1,1,1,1
R01036,7,Colwyn,v2_12month,1.8,18-34,Male,South,Some college,Suburban,0,0,0,3,4,5,1,4,5,1,2
R01037,3,Meridian,v2_12month,8.8,35-54,Female,West,Some college,Urban,1,1,1,5,4,2,1,4,3,1,5
R01038,1,Meridian,v1_3month,7.0,65+,Female,South,Some college,Suburban,1,1,1,1,2,4,5,5,1,3,4
R01039,6,Colwyn,v2_12month,9.5,35-54,Male,West,Bachelor's or higher,Suburban,1,0,0,1,5,4,3,2,1,5,4
R01040,5,Colwyn,v2_12month,7.3,35-54,Female,South,Some college,Urban,1,0,0,2,1,5,4,3,2,1,5
R01041,4,Colwyn,v2_12month,9.7,18-34,Female,South,Bachelor's or higher,Suburban,0,0,0,3,4,1,2,2,3,5,1
R01042,9,Colwyn,v2_12month,8.3,35-54,Female,South,Bachelor's or higher,Urban,1,1,1,1,5,3,2,2,1,4,3
R01043,1,Meridian,v1_3month,8.0,35-54,Male,West,Some college,Suburban,1,0,0,3,4,5,1,2,3,4,5
R01044,5,Colwyn,v2_12month,8.7,18-34,Female,Midwest,Some college,Urban,0,0,0,1,5,4,3,5,4,3,2
R01045,6,Colwyn,v2_12month,7.1,18-34,Male,South,Some college,Suburban,0,0,0,2,3,5,1,3,4,1,2
R01046,6,Colwyn,v2_12month,6.1,18-34,Male,West,High school or less,Rural,0,0,0,3,2,5,4,2,1,4,3
R01047,4,Colwyn,v2_12month,9.5,18-34,Female,Midwest,Bachelor's or higher,Suburban,1,0,0,1,2,3,4,2,3,4,5
R01048,2,Meridian,v1_3month,8.1,35-54,Male,South,High school or less,Urban,1,1,1,1,5,4,3,2,1,5,4
R01049,8,Colwyn,v2_12month,8.6,18-34,Female,West,High school or less,Suburban,1,0,0,5,1,3,4,4,5,2,3
R01050,9,Colwyn,v2_12month,5.3,18-34,Male,South,High school or less,Suburban,1,0,0,4,5,1,2,5,1,2,3
R01051,8,Colwyn,v2_12month,8.1,55-64,Female,South,Some college,Rural,1,1,1,3,2,5,4,2,1,4,3
R01052,8,Colwyn,v2_12month,5.3,35-54,Male,South,Some college,Rural,0,0,0,2,3,5,1,3,4,1,2
R01053,9,Colwyn,v2_12month,7.8,18-34,Male,South,Bachelor's or higher,Urban,1,0,0,4,3,2,1,3,2,1,5
R01054,4,Colwyn,v2_12month,7.9,18-34,Female,South,High school or less,Suburban,1,0,0,5,5,5,5,5,5,5,5
R01055,5,Colwyn,v2_12month,5.4,18-34,Female,South,High school or less,Urban,1,1,1,4,3,1,5,5,4,2,1
R01056,8,Colwyn,v2_12month,8.2,18-34,Female,West,Bachelor's or higher,Urban,0,0,0,4,5,2,3,3,4,1,2
R01057,1,Meridian,v1_3month,7.7,18-34,Female,Midwest,Bachelor's or higher,Rural,0,0,0,3,2,1,5,4,3,2,1
R01058,4,Colwyn,v2_12month,9.1,18-34,Male,West,High school or less,Urban,0,0,0,5,1,2,3,1,2,3,4
R01059,6,Colwyn,v2_12month,6.0,65+,Female,West,High school or less,Rural,1,1,1,1,5,3,2,5,4,2,1
R01060,3,Meridian,v2_12month,9.4,65+,Female,South,Bachelor's or higher,Rural,1,0,0,1,5,3,2,5,4,2,1
R01061,9,Colwyn,v2_12month,8.6,55-64,Female,South,High school or less,Rural,1,1,0,5,1,2,3,1,2,3,4
R01062,1,Meridian,v1_3month,5.1,18-34,Male,South,High school or less,Urban,0,0,0,1,5,4,3,5,4,3,2
R01063,8,Colwyn,v2_12month,9.4,18-34,Female,West,Some college,Urban,1,1,1,2,3,5,1,3,4,1,2
R01064,2,Meridian,v1_3month,7.5,65+,Male,West,Bachelor's or higher,Suburban,1,0,0,5,4,2,1,1,5,3,2
R01065,4,Colwyn,v2_12month,7.4,18-34,Female,South,High school or less,Urban,1,0,0,1,2,3,4,5,1,2,3
R01066,1,Meridian,v1_3month,5.4,65+,Female,Midwest,Some college,Suburban,1,0,0,5,4,3,2,1,5,4,3
R01067,2,Meridian,v1_3month,5.9,18-34,Female,Midwest,Some college,Suburban,0,0,0,2,3,5,1,1,2,4,5
R01068,3,Meridian,v2_12month,6.4,65+,Male,Midwest,High school or less,Rural,1,1,1,4,3,1,5,3,2,5,4
R01069,8,Colwyn,v2_12month,8.5,18-34,Female,Midwest,Bachelor's or higher,Suburban,0,0,0,4,5,1,2,5,1,2,3
R01070,4,Colwyn,v2_12month,6.1,18-34,Male,Midwest,Bachelor's or higher,Urban,0,0,0,4,5,2,3,5,1,3,4
R01071,6,Colwyn,v2_12month,1.6,18-34,Female,South,Some college,Urban,0,0,0,1,5,4,3,5,4,3,2
R01072,3,Meridian,v2_12month,5.7,18-34,Male,Midwest,Bachelor's or higher,Urban,0,0,0,4,5,1,2,5,1,2,3
R01073,7,Colwyn,v2_12month,9.0,18-34,Female,Northeast,Bachelor's or higher,Suburban,1,0,0,5,4,2,1,4,3,1,5
R01074,7,Colwyn,v2_12month,8.9,35-54,Female,West,Bachelor's or higher,Urban,1,0,0,1,2,4,5,5,1,3,4
R01075,3,Meridian,v2_12month,5.6,65+,Male,Northeast,High school or less,Urban,1,1,0,5,4,3,1,5,4,3,2
R01076,7,Colwyn,v2_12month,8.7,65+,Female,Northeast,Bachelor's or higher,Urban,0,0,0,4,5,1,2,3,4,5,1
R01077,9,Colwyn,v2_12month,2.1,18-34,Male,West,Bachelor's or higher,Rural,0,0,0,4,3,1,5,5,4,2,1
R01078,8,Colwyn,v2_12month,4.9,18-34,Female,South,Bachelor's or higher,Suburban,1,0,0,1,2,4,5,2,3,5,1
R01079,5,Colwyn,v2_12month,8.5,55-64,Male,West,Bachelor's or higher,Urban,1,0,0,3,2,1,5,2,1,5,4
R01080,8,Colwyn,v2_12month,6.0,18-34,Male,South,High school or less,Urban,0,0,0,3,2,1,5,2,1,5,4
R01081,4,Colwyn,v2_12month,6.5,18-34,Male,West,Bachelor's or higher,Urban,1,1,1,2,3,5,1,3,4,1,2
R01082,9,Colwyn,v2_12month,9.3,18-34,Female,West,Bachelor's or higher,Urban,1,0,0,3,2,5,4,2,1,4,3
R01083,8,Colwyn,v2_12month,8.4,18-34,Female,South,Some college,Suburban,1,1,0,1,2,3,4,2,3,4,5
R01084,5,Colwyn,v2_12month,8.9,18-34,Male,South,High school or less,Urban,0,0,0,3,2,1,5,4,3,2,1
R01085,4,Colwyn,v2_12month,8.9,35-54,Female,West,High school or less,Suburban,1,1,1,2,3,5,1,1,2,4,5
R01086,7,Colwyn,v2_12month,7.8,18-34,Female,West,Some college,Rural,0,0,0,2,1,4,3,3,2,5,4
R01087,7,Colwyn,v2_12month,7.4,35-54,Female,South,High school or less,Urban,1,1,1,3,4,5,1,2,3,4,5
R01088,4,Colwyn,v2_12month,6.2,18-34,Male,South,High school or less,Rural,0,0,0,2,1,5,4,1,5,4,3
R01089,8,Colwyn,v2_12month,9.3,18-34,Female,South,Some college,Urban,0,0,0,5,1,3,4,1,2,4,5
R01090,4,Colwyn,v2_12month,2.2,55-64,Male,West,Bachelor's or higher,Suburban,1,1,0,5,1,2,3,4,5,1,2
R01091,9,Colwyn,v2_12month,4.9,18-34,Male,West,High school or less,Urban,0,0,0,1,5,3,2,2,1,4,3
R01092,6,Colwyn,v2_12month,1.9,18-34,Male,Midwest,High school or less,Urban,1,1,1,1,2,4,5,5,1,3,4
R01093,1,Meridian,v1_3month,5.6,18-34,Female,West,Some college,Suburban,0,0,0,4,3,2,1,5,4,3,2
R01094,4,Colwyn,v2_12month,9.6,55-64,Female,West,Bachelor's or higher,Urban,1,0,0,4,5,1,2,5,1,2,3
R01095,6,Colwyn,v2_12month,7.6,18-34,Female,South,Bachelor's or higher,Suburban,1,0,0,2,1,4,3,1,5,3,2
R01096,5,Colwyn,v2_12month,7.8,55-64,Male,West,Some college,Urban,1,1,1,5,1,3,4,1,2,4,5
R01097,1,Meridian,v1_3month,9.7,35-54,Female,South,Bachelor's or higher,Urban,1,0,0,2,1,5,4,1,5,4,3
R01098,5,Colwyn,v2_12month,8.4,18-34,Female,Northeast,Bachelor's or higher,Rural,0,0,0,2,2,2,2,2,2,2,2
R01099,9,Colwyn,v2_12month,8.1,18-34,Male,Northeast,Bachelor's or higher,Rural,1,1,1,1,5,3,2,2,1,4,3
R01100,3,Meridian,v2_12month,9.5,35-54,Female,Northeast,Some college,Suburban,1,1,1,3,4,1,2,4,5,2,3
R01101,5,Colwyn,v2_12month,8.8,35-54,Male,Northeast,High school or less,Urban,1,1,1,3,2,1,5,2,1,5,4
R01102,5,Colwyn,v2_12month,7.7,18-34,Female,Northeast,High school or less,Urban,0,0,0,1,2,3,4,2,3,4,5
R01103,1,Meridian,v1_3month,9.1,18-34,Female,West,Bachelor's or higher,Urban,1,0,0,2,1,4,3,1,5,3,2
R01104,4,Colwyn,v2_12month,9.4,35-54,Female,West,High school or less,Suburban,0,0,0,2,3,5,1,1,2,4,5
R01105,4,Colwyn,v2_12month,5.4,18-34,Female,South,Some college,Urban,0,0,0,2,1,5,4,3,2,1,5
R01106,7,Colwyn,v2_12month,9.1,55-64,Female,South,Some college,Urban,1,0,0,2,3,4,5,1,2,3,4
R01107,6,Colwyn,v2_12month,9.6,18-34,Male,South,Bachelor's or higher,Suburban,0,0,0,3,2,5,4,4,3,1,5
R01108,8,Colwyn,v2_12month,2.0,18-34,Female,South,Bachelor's or higher,Suburban,0,0,0,4,5,2,3,5,1,3,4
R01109,6,Colwyn,v2_12month,9.6,18-34,Male,Midwest,Bachelor's or higher,Urban,0,0,0,3,2,1,5,2,1,5,4
R01110,2,Meridian,v1_3month,8.5,35-54,Female,Northeast,High school or less,Urban,1,1,1,5,4,2,1,4,3,1,5
R01111,6,Colwyn,v2_12month,7.2,18-34,Female,West,Bachelor's or higher,Urban,1,1,1,4,5,1,2,5,1,2,3
R01112,6,Colwyn,v2_12month,9.3,18-34,Female,Northeast,Bachelor's or higher,Suburban,0,0,0,5,4,3,2,4,3,2,1
R01113,4,Colwyn,v2_12month,5.8,18-34,Female,South,High school or less,Suburban,0,0,0,4,4,4,4,4,4,4,4
R01114,5,Colwyn,v2_12month,5.9,35-54,Male,Northeast,Some college,Suburban,1,0,0,1,5,3,2,2,1,4,3
R01115,5,Colwyn,v2_12month,6.7,18-34,Male,Midwest,High school or less,Rural,1,0,0,3,3,3,3,3,3,3,3
R01116,9,Colwyn,v2_12month,7.0,18-34,Male,Northeast,Bachelor's or higher,Urban,0,0,0,4,3,2,1,5,4,3,2
R01117,5,Colwyn,v2_12month,5.3,18-34,Female,West,High school or less,Suburban,1,0,0,1,2,4,5,5,1,3,4
R01118,3,Meridian,v2_12month,9.8,35-54,Male,Midwest,High school or less,Rural,1,1,0,1,5,3,2,5,4,2,1
R01119,5,Colwyn,v2_12month,8.3,18-34,Female,South,High school or less,Urban,0,0,0,1,2,3,4,2,3,4,5
R01120,6,Colwyn,v2_12month,6.9,18-34,Female,Midwest,Bachelor's or higher,Suburban,0,0,0,1,2,3,4,2,3,4,5
R01121,2,Meridian,v1_3month,7.2,18-34,Male,South,Some college,Suburban,0,0,0,4,4,4,4,4,4,4,4
R01122,6,Colwyn,v2_12month,9.9,18-34,Female,South,Bachelor's or higher,Urban,1,0,0,1,2,4,5,2,3,5,1
R01123,1,Meridian,v1_3month,6.8,65+,Female,West,Some college,Urban,1,1,1,5,4,3,2,4,3,2,1
R01124,9,Colwyn,v2_12month,5.5,35-54,Female,South,Bachelor's or higher,Suburban,1,1,1,2,3,4,5,1,2,3,4
R01125,5,Colwyn,v2_12month,8.0,18-34,Male,South,Bachelor's or higher,Urban,1,1,1,5,4,2,1,1,5,3,2
R01126,5,Colwyn,v2_12month,9.4,65+,Male,Midwest,High school or less,Urban,1,1,0,3,4,1,2,2,3,5,1
R01127,5,Colwyn,v2_12month,8.9,35-54,Male,Midwest,High school or less,Suburban,1,0,0,5,4,3,2,1,5,4,3
R01128,5,Colwyn,v2_12month,6.6,35-54,Female,Northeast,High school or less,Urban,0,0,0,5,1,2,3,1,2,3,4
R01129,2,Meridian,v1_3month,9.4,35-54,Female,South,Bachelor's or higher,Suburban,1,1,1,4,3,1,5,3,2,5,4
R01130,4,Colwyn,v2_12month,8.9,35-54,Male,Midwest,High school or less,Urban,1,0,0,4,3,2,1,5,4,3,2
R01131,4,Colwyn,v2_12month,9.4,18-34,Female,South,Bachelor's or higher,Urban,0,0,0,1,2,4,5,5,1,3,4
R01132,8,Colwyn,v2_12month,2.1,18-34,Female,Midwest,Some college,Rural,0,0,0,1,5,3,2,2,1,4,3
R01133,8,Colwyn,v2_12month,8.6,35-54,Female,West,Some college,Urban,1,0,0,5,1,2,3,4,5,1,2
R01134,4,Colwyn,v2_12month,6.0,35-54,Female,South,Some college,Urban,1,1,0,4,4,4,4,4,4,4,4
R01135,7,Colwyn,v2_12month,7.7,18-34,Male,West,Some college,Urban,0,0,0,5,1,3,4,1,2,4,5
R01136,9,Colwyn,v2_12month,6.2,35-54,Female,West,Bachelor's or higher,Suburban,1,0,0,1,5,3,2,5,4,2,1
R01137,4,Colwyn,v2_12month,1.7,55-64,Male,South,Bachelor's or higher,Suburban,1,0,0,4,5,1,2,5,1,2,3
R01138,3,Meridian,v2_12month,9.4,18-34,Male,Northeast,High school or less,Urban,0,0,0,1,5,4,3,2,1,5,4
R01139,6,Colwyn,v2_12month,8.7,35-54,Female,West,Bachelor's or higher,Urban,1,1,1,2,3,5,1,1,2,4,5
R01140,4,Colwyn,v2_12month,8.3,18-34,Male,Northeast,Bachelor's or higher,Urban,1,1,1,2,3,5,1,1,2,4,5
R01141,8,Colwyn,v2_12month,5.6,55-64,Female,South,Some college,Suburban,1,0,0,2,1,5,4,3,2,1,5
R01142,4,Colwyn,v2_12month,7.6,18-34,Female,South,High school or less,Urban,1,0,0,3,4,5,1,2,3,4,5
R01143,6,Colwyn,v2_12month,9.9,35-54,Female,South,High school or less,Rural,1,1,1,1,5,3,2,2,1,4,3
R01144,9,Colwyn,v2_12month,6.6,35-54,Male,West,Bachelor's or higher,Suburban,0,0,0,3,4,1,2,4,5,2,3
R01145,8,Colwyn,v2_12month,8.7,35-54,Female,Midwest,Some college,Urban,0,0,0,5,4,3,2,4,3,2,1
R01146,4,Colwyn,v2_12month,5.8,18-34,Male,Northeast,Bachelor's or higher,Urban,0,0,0,5,1,2,3,1,2,3,4
R01147,7,Colwyn,v2_12month,6.2,65+,Male,West,High school or less,Urban,1,1,1,3,2,5,4,2,1,4,3
R01148,7,Colwyn,v2_12month,6.2,18-34,Male,South,Some college,Urban,1,0,0,1,2,4,5,5,1,3,4
R01149,9,Colwyn,v2_12month,6.2,35-54,Female,Midwest,Bachelor's or higher,Rural,1,1,1,1,5,4,3,2,1,5,4
R01150,1,Meridian,v1_3month,8.6,55-64,Male,Midwest,High school or less,Urban,1,0,0,3,2,5,4,4,3,1,5
R01151,5,Colwyn,v2_12month,9.0,18-34,Female,Northeast,Bachelor's or higher,Urban,0,0,0,4,5,1,2,3,4,5,1
R01152,3,Meridian,v2_12month,6.0,65+,Male,West,Some college,Rural,1,1,1,4,3,2,1,5,4,3,2
R01153,5,Colwyn,v2_12month,7.7,18-34,Female,West,Bachelor's or higher,Urban,1,0,0,5,1,3,4,4,5,2,3
R01154,1,Meridian,v1_3month,7.8,35-54,Female,Northeast,Bachelor's or higher,Rural,1,0,0,4,3,1,5,3,2,5,4
R01155,8,Colwyn,v2_12month,5.2,18-34,Male,West,Bachelor's or higher,Urban,0,0,0,5,1,2,3,1,2,3,4
R01156,5,Colwyn,v2_12month,8.7,18-34,Female,South,Some college,Suburban,0,0,0,2,1,5,4,1,5,4,3
R01157,9,Colwyn,v2_12month,9.4,35-54,Male,West,Some college,Suburban,0,0,0,3,3,3,3,3,3,3,3
R01158,6,Colwyn,v2_12month,8.5,18-34,Female,Midwest,Bachelor's or higher,Urban,0,0,0,5,4,2,1,1,5,3,2
R01159,9,Colwyn,v2_12month,8.7,35-54,Male,West,Some college,Urban,0,0,0,2,3,4,5,1,2,3,4
R01160,7,Colwyn,v2_12month,6.2,18-34,Female,South,High school or less,Suburban,0,0,0,1,2,3,4,5,1,2,3
R01161,5,Colwyn,v2_12month,7.1,35-54,Male,West,Some college,Urban,1,1,1,3,2,5,4,4,3,1,5
R01162,7,Colwyn,v2_12month,4.9,18-34,Female,South,Bachelor's or higher,Suburban,0,0,0,3,4,1,2,2,3,5,1
R01163,3,Meridian,v2_12month,6.6,18-34,Male,West,Some college,Rural,1,0,0,1,5,4,3,2,1,5,4
R01164,8,Colwyn,v2_12month,6.7,18-34,Female,West,Bachelor's or higher,Urban,0,0,0,1,2,3,4,2,3,4,5
R01165,1,Meridian,v1_3month,8.1,55-64,Female,West,Bachelor's or higher,Rural,0,0,0,2,1,4,3,1,5,3,2
R01166,4,Colwyn,v2_12month,5.3,35-54,Female,South,Bachelor's or higher,Rural,1,0,0,5,1,3,4,1,2,4,5
R01167,8,Colwyn,v2_12month,8.9,18-34,Male,Midwest,Bachelor's or higher,Suburban,1,0,0,2,1,5,4,1,5,4,3
R01168,8,Colwyn,v2_12month,5.6,18-34,Female,Northeast,High school or less,Urban,1,0,0,3,4,5,1,2,3,4,5
R01169,5,Colwyn,v2_12month,2.5,35-54,Female,Midwest,Some college,Urban,1,0,0,3,2,5,4,4,3,1,5
R01170,1,Meridian,v1_3month,6.4,35-54,Female,South,Some college,Urban,0,0,0,3,2,1,5,2,1,5,4
R01171,8,Colwyn,v2_12month,6.9,18-34,Female,Midwest,High school or less,Urban,0,0,0,3,4,1,2,4,5,2,3
R01172,6,Colwyn,v2_12month,6.7,18-34,Female,South,High school or less,Urban,0,0,0,3,2,5,4,2,1,4,3
R01173,4,Colwyn,v2_12month,5.4,18-34,Male,South,Bachelor's or higher,Urban,1,1,0,3,4,5,1,4,5,1,2
R01174,8,Colwyn,v2_12month,8.2,18-34,Male,South,High school or less,Urban,0,0,0,3,2,1,5,4,3,2,1
R01175,2,Meridian,v1_3month,8.1,18-34,Female,South,Bachelor's or higher,Suburban,1,0,0,4,5,2,3,3,4,1,2
R01176,1,Meridian,v1_3month,8.7,35-54,Male,Midwest,Bachelor's or higher,Urban,1,1,1,4,3,1,5,5,4,2,1
R01177,3,Meridian,v2_12month,9.5,18-34,Female,West,Some college,Suburban,1,0,0,3,4,5,1,2,3,4,5
R01178,2,Meridian,v1_3month,7.2,35-54,Female,Northeast,Some college,Suburban,1,1,1,4,3,2,1,3,2,1,5
R01179,9,Colwyn,v2_12month,6.3,18-34,Male,West,Bachelor's or higher,Urban,1,1,1,5,1,3,4,1,2,4,5
R01180,2,Meridian,v1_3month,8.9,65+,Female,South,High school or less,Suburban,1,1,1,4,5,2,3,5,1,3,4
R01181,4,Colwyn,v2_12month,8.0,65+,Female,South,Some college,Suburban,1,0,0,2,1,5,4,1,5,4,3
R01182,7,Colwyn,v2_12month,2.6,18-34,Male,West,Some college,Urban,0,0,0,3,4,5,1,4,5,1,2
R01183,9,Colwyn,v2_12month,7.2,18-34,Female,West,Bachelor's or higher,Suburban,1,0,0,4,3,1,5,3,2,5,4
R01184,8,Colwyn,v2_12month,8.2,65+,Female,South,Bachelor's or higher,Urban,1,0,0,4,5,2,3,3,4,1,2
R01185,2,Meridian,v1_3month,5.4,18-34,Male,Midwest,High school or less,Rural,1,1,1,3,2,1,5,4,3,2,1
R01186,3,Meridian,v2_12month,6.2,55-64,Male,South,Some college,Suburban,0,0,0,5,1,2,3,4,5,1,2
R01187,6,Colwyn,v2_12month,5.8,18-34,Female,South,Some college,Suburban,0,0,0,3,2,5,4,4,3,1,5
R01188,7,Colwyn,v2_12month,8.9,55-64,Male,South,Bachelor's or higher,Urban,1,0,0,2,3,5,1,3,4,1,2
R01189,4,Colwyn,v2_12month,5.6,35-54,Female,South,High school or less,Rural,1,0,0,4,3,2,1,3,2,1,5
R01190,9,Colwyn,v2_12month,6.5,18-34,Male,Midwest,Some college,Urban,0,0,0,2,1,4,3,1,5,3,2
R01191,7,Colwyn,v2_12month,6.3,18-34,Female,Midwest,Bachelor's or higher,Suburban,0,0,0,5,1,2,3,1,2,3,4
R01192,8,Colwyn,v2_12month,9.1,35-54,Female,Midwest,Bachelor's or higher,Suburban,0,0,0,5,4,3,2,4,3,2,1
R01193,7,Colwyn,v2_12month,9.2,18-34,Female,South,Bachelor's or higher,Urban,1,0,0,1,2,4,5,2,3,5,1
R01194,4,Colwyn,v2_12month,8.6,18-34,Male,West,Bachelor's or higher,Urban,1,1,1,5,4,2,1,1,5,3,2
R01195,2,Meridian,v1_3month,4.9,35-54,Female,Midwest,Bachelor's or higher,Rural,1,0,0,2,3,4,5,1,2,3,4
R01196,6,Colwyn,v2_12month,9.4,35-54,Male,Northeast,Bachelor's or higher,Suburban,1,0,0,5,4,3,2,1,5,4,3
R01197,4,Colwyn,v2_12month,4.8,55-64,Male,Northeast,High school or less,Urban,1,1,1,1,2,4,5,5,1,3,4
R01198,9,Colwyn,v2_12month,8.6,18-34,Male,Northeast,Bachelor's or higher,Urban,0,0,0,4,3,1,5,3,2,5,4
R01199,6,Colwyn,v2_12month,7.3,35-54,Male,Northeast,High school or less,Urban,0,0,0,3,5,1,2,4,5,1,2
R01200,9,Colwyn,v2_12month,7.4,18-34,Male,Midwest,Some college,Urban,0,0,0,5,4,2,1,4,3,1,5
R01201,9,Colwyn,v2_12month,7.1,18-34,Female,South,Bachelor's or higher,Suburban,0,0,0,3,4,5,1,4,5,1,2
R01202,9,Colwyn,v2_12month,4.8,35-54,Male,South,Bachelor's or higher,Suburban,1,1,1,3,2,1,5,2,1,5,4
R01203,5,Colwyn,v2_12month,7.9,18-34,Male,Midwest,High school or less,Suburban,1,0,0,5,1,3,4,1,2,4,5
R01204,8,Colwyn,v2_12month,6.0,35-54,Female,South,Some college,Urban,1,0,0,4,3,1,5,5,4,2,1
R01205,6,Colwyn,v2_12month,8.8,35-54,Male,West,Some college,Suburban,1,1,1,1,2,3,4,5,1,2,3
R01206,1,Meridian,v1_3month,6.9,18-34,Female,South,Bachelor's or higher,Urban,1,0,0,4,3,2,1,5,4,3,2
R01207,8,Colwyn,v2_12month,9.6,35-54,Male,Midwest,High school or less,Urban,1,1,0,4,5,2,3,3,5,1,2
R01208,7,Colwyn,v2_12month,7.8,18-34,Female,South,Some college,Urban,0,0,0,3,2,5,4,2,1,4,3
R01209,6,Colwyn,v2_12month,7.0,55-64,Female,Midwest,High school or less,Urban,0,0,0,2,3,4,5,2,4,5,1
R01210,1,Meridian,v1_3month,9.6,18-34,Male,West,High school or less,Urban,0,0,0,2,3,5,1,3,4,1,2
R01211,2,Meridian,v1_3month,2.1,55-64,Female,Midwest,Bachelor's or higher,Suburban,1,0,0,1,5,4,3,5,4,3,2
R01212,6,Colwyn,v2_12month,7.2,18-34,Female,South,High school or less,Suburban,0,0,0,2,3,4,5,3,4,5,1
R01213,7,Colwyn,v2_12month,7.5,55-64,Male,South,Bachelor's or higher,Urban,1,0,0,3,2,5,4,2,1,4,3
R01214,4,Colwyn,v2_12month,5.7,35-54,Male,South,High school or less,Urban,1,1,1,3,4,1,2,2,3,5,1
R01215,8,Colwyn,v2_12month,9.3,35-54,Female,West,Bachelor's or higher,Suburban,1,1,1,2,1,5,4,3,2,1,5
R01216,5,Colwyn,v2_12month,7.0,55-64,Female,West,Some college,Suburban,1,0,0,3,4,5,1,2,3,4,5
R01217,7,Colwyn,v2_12month,6.7,18-34,Male,West,Bachelor's or higher,Suburban,1,0,0,1,5,3,2,2,1,4,3
R01218,2,Meridian,v1_3month,6.4,55-64,Male,South,High school or less,Urban,1,0,0,1,2,4,5,2,3,5,1
R01219,7,Colwyn,v2_12month,8.3,18-34,Female,South,Bachelor's or higher,Suburban,1,0,0,3,2,1,5,2,1,5,4
R01220,8,Colwyn,v2_12month,9.2,35-54,Male,Northeast,High school or less,Urban,1,1,1,5,4,3,2,1,5,4,3
R01221,8,Colwyn,v2_12month,9.7,35-54,Male,Northeast,High school or less,Urban,1,0,0,3,4,1,2,2,3,5,1
R01222,9,Colwyn,v2_12month,6.1,35-54,Female,South,Bachelor's or higher,Urban,0,0,0,1,5,3,2,2,1,4,3
R01223,5,Colwyn,v2_12month,5.9,35-54,Female,Midwest,Bachelor's or higher,Urban,0,0,0,2,3,4,5,1,2,3,4
R01224,8,Colwyn,v2_12month,8.9,35-54,Female,South,Bachelor's or higher,Suburban,1,0,0,1,5,4,3,5,4,3,2
R01225,6,Colwyn,v2_12month,8.0,18-34,Male,South,High school or less,Suburban,0,0,0,2,3,5,1,3,4,1,2
R01226,9,Colwyn,v2_12month,8.0,35-54,Male,Midwest,Bachelor's or higher,Suburban,1,1,1,2,1,4,3,1,5,3,2
R01227,7,Colwyn,v2_12month,7.2,35-54,Female,South,Bachelor's or higher,Urban,0,0,0,1,2,3,4,2,3,4,5
R01228,5,Colwyn,v2_12month,9.9,35-54,Female,West,Some college,Suburban,0,0,0,4,3,2,1,5,4,3,2
R01229,5,Colwyn,v2_12month,6.3,18-34,Male,Midwest,Some college,Rural,0,0,0,5,1,3,4,4,5,2,3
R01230,8,Colwyn,v2_12month,8.5,18-34,Female,Midwest,Some college,Suburban,1,1,0,1,2,3,4,2,3,4,5
R01231,3,Meridian,v2_12month,6.4,55-64,Male,South,High school or less,Suburban,1,1,0,2,1,4,3,1,5,3,2
R01232,5,Colwyn,v2_12month,6.8,35-54,Male,South,Bachelor's or higher,Suburban,1,1,1,2,3,5,1,3,4,1,2
R01233,6,Colwyn,v2_12month,6.1,55-64,Female,Midwest,Some college,Suburban,0,0,0,2,1,5,4,1,5,4,3
R01234,3,Meridian,v2_12month,9.9,18-34,Male,West,Some college,Urban,1,0,0,2,3,4,5,1,2,3,4
R01235,7,Colwyn,v2_12month,6.9,18-34,Female,South,Some college,Suburban,1,1,1,2,1,4,3,3,2,5,4
R01236,5,Colwyn,v2_12month,5.0,35-54,Female,South,Bachelor's or higher,Urban,1,0,0,1,2,4,5,5,1,3,4
R01237,7,Colwyn,v2_12month,6.2,35-54,Female,Midwest,Bachelor's or higher,Rural,1,0,0,2,1,5,4,3,2,1,5
R01238,9,Colwyn,v2_12month,7.6,35-54,Female,South,Bachelor's or higher,Rural,1,1,0,2,3,4,5,3,4,5,1
R01239,3,Meridian,v2_12month,9.5,55-64,Female,South,Bachelor's or higher,Suburban,0,0,0,4,3,1,5,3,2,5,4
R01240,9,Colwyn,v2_12month,5.2,18-34,Female,South,High school or less,Urban,1,0,0,1,5,3,2,2,1,4,3
R01241,4,Colwyn,v2_12month,5.9,35-54,Male,Northeast,Bachelor's or higher,Suburban,1,1,0,5,1,2,3,4,5,1,2
R01242,8,Colwyn,v2_12month,9.7,18-34,Female,South,High school or less,Suburban,1,0,0,3,2,1,5,4,3,2,1
R01243,8,Colwyn,v2_12month,5.0,18-34,Female,West,Some college,Suburban,1,0,0,5,1,3,4,4,5,2,3
R01244,1,Meridian,v1_3month,8.7,55-64,Female,West,Some college,Urban,1,1,0,5,4,2,1,4,3,1,5
R01245,8,Colwyn,v2_12month,6.9,18-34,Female,West,Bachelor's or higher,Urban,0,0,0,3,4,5,1,4,5,1,2
R01246,5,Colwyn,v2_12month,6.8,55-64,Male,West,Some college,Urban,1,0,0,1,5,4,3,5,4,3,2
R01247,8,Colwyn,v2_12month,5.0,18-34,Female,Midwest,Bachelor's or higher,Suburban,0,0,0,4,5,2,3,5,1,3,4
R01248,8,Colwyn,v2_12month,7.1,18-34,Male,West,Bachelor's or higher,Rural,0,0,0,5,4,2,1,1,5,3,2
R01249,8,Colwyn,v2_12month,7.5,65+,Female,Northeast,Bachelor's or higher,Suburban,1,0,0,2,3,4,5,1,2,3,4
R01250,5,Colwyn,v2_12month,6.8,35-54,Male,South,Some college,Urban,1,1,1,5,1,3,4,4,5,2,3
R01251,8,Colwyn,v2_12month,6.3,35-54,Female,West,Bachelor's or higher,Suburban,0,0,0,4,3,2,1,5,4,3,2
R01252,1,Meridian,v1_3month,6.5,18-34,Male,Midwest,Bachelor's or higher,Urban,0,0,0,3,5,1,2,3,4,5,1
R01253,2,Meridian,v1_3month,9.2,65+,Male,Midwest,Bachelor's or higher,Urban,1,1,1,4,3,1,5,5,4,2,1
R01254,6,Colwyn,v2_12month,9.1,18-34,Female,Northeast,High school or less,Suburban,1,1,1,3,4,1,2,4,5,2,3
R01255,7,Colwyn,v2_12month,6.4,18-34,Female,Midwest,Some college,Suburban,1,1,1,4,3,2,1,3,2,1,5
R01256,7,Colwyn,v2_12month,9.1,18-34,Male,Midwest,Bachelor's or higher,Suburban,0,0,0,4,5,1,2,5,1,2,3
R01257,6,Colwyn,v2_12month,6.7,35-54,Male,Northeast,High school or less,Suburban,1,1,1,4,3,1,5,3,2,5,4
R01258,9,Colwyn,v2_12month,5.0,18-34,Male,Midwest,High school or less,Urban,1,1,1,2,3,5,1,1,2,4,5
R01259,9,Colwyn,v2_12month,1.9,55-64,Male,South,High school or less,Suburban,0,0,0,5,4,3,2,1,5,4,3
R01260,6,Colwyn,v2_12month,6.0,18-34,Male,South,Bachelor's or higher,Urban,1,0,0,1,5,4,3,5,4,3,2
R01261,2,Meridian,v1_3month,5.0,18-34,Male,West,Bachelor's or higher,Urban,1,0,0,4,5,2,3,5,1,3,4
R01262,3,Meridian,v2_12month,5.1,35-54,Male,South,Some college,Urban,0,0,0,3,2,5,4,2,1,4,3
R01263,4,Colwyn,v2_12month,6.0,55-64,Female,Northeast,Bachelor's or higher,Urban,1,0,0,4,5,1,2,5,1,2,3
R01264,7,Colwyn,v2_12month,6.8,18-34,Female,Midwest,Some college,Urban,0,0,0,3,2,1,5,4,3,2,1
R01265,9,Colwyn,v2_12month,5.0,18-34,Female,Midwest,High school or less,Suburban,0,0,0,4,5,2,3,3,4,1,2
R01266,3,Meridian,v2_12month,9.4,65+,Female,South,High school or less,Suburban,1,1,1,3,2,5,4,4,3,1,5
R01267,9,Colwyn,v2_12month,9.8,18-34,Female,South,High school or less,Suburban,0,0,0,3,4,5,1,2,3,4,5
R01268,4,Colwyn,v2_12month,1.9,55-64,Male,West,Some college,Urban,1,1,1,3,2,1,5,2,1,5,4
R01269,7,Colwyn,v2_12month,5.2,18-34,Female,Midwest,Bachelor's or higher,Suburban,1,1,1,1,2,4,5,2,3,5,1
R01270,8,Colwyn,v2_12month,8.3,18-34,Male,Northeast,Some college,Urban,0,0,0,3,4,5,1,2,3,4,5
R01271,7,Colwyn,v2_12month,7.2,35-54,Female,South,Bachelor's or higher,Urban,1,0,0,1,5,3,2,2,1,4,3
R01272,8,Colwyn,v2_12month,5.6,35-54,Male,Midwest,High school or less,Urban,1,0,0,2,3,5,1,1,2,4,5
R01273,3,Meridian,v2_12month,8.1,35-54,Female,South,Bachelor's or higher,Urban,1,1,1,1,5,4,3,2,1,5,4
R01274,8,Colwyn,v2_12month,6.6,18-34,Female,South,High school or less,Rural,0,0,0,5,1,2,3,1,2,3,4
R01275,8,Colwyn,v2_12month,8.6,18-34,Male,Northeast,Some college,Urban,1,1,1,2,1,4,3,1,5,3,2
R01276,5,Colwyn,v2_12month,7.4,18-34,Male,South,Some college,Suburban,1,1,1,2,3,5,1,3,4,1,2
R01277,9,Colwyn,v2_12month,6.0,35-54,Male,South,Bachelor's or higher,Suburban,1,0,0,3,3,3,3,3,3,3,3
R01278,4,Colwyn,v2_12month,7.2,18-34,Female,Midwest,High school or less,Urban,1,0,0,5,1,2,3,4,5,1,2
R01279,6,Colwyn,v2_12month,5.9,18-34,Female,South,High school or less,Suburban,0,0,0,5,4,2,1,1,5,3,2
R01280,1,Meridian,v1_3month,8.2,65+,Male,West,High school or less,Urban,1,1,0,3,2,5,4,2,1,4,3
R01281,7,Colwyn,v2_12month,6.7,65+,Female,Northeast,High school or less,Urban,1,1,0,2,3,4,5,3,4,5,1
R01282,5,Colwyn,v2_12month,6.7,18-34,Male,West,Some college,Urban,0,0,0,4,3,2,1,3,2,1,5
R01283,8,Colwyn,v2_12month,9.7,18-34,Male,Northeast,Bachelor's or higher,Urban,1,0,0,2,3,5,1,3,4,1,2
R01284,9,Colwyn,v2_12month,8.5,18-34,Female,South,Bachelor's or higher,Urban,1,0,0,5,4,2,1,1,5,3,2
R01285,9,Colwyn,v2_12month,5.2,55-64,Male,Midwest,Bachelor's or higher,Urban,1,0,0,3,4,5,1,2,3,4,5
R01286,2,Meridian,v1_3month,7.8,35-54,Male,West,Bachelor's or higher,Rural,0,0,0,2,1,5,4,3,2,1,5
R01287,7,Colwyn,v2_12month,6.1,18-34,Female,West,High school or less,Suburban,0,0,0,4,4,4,4,4,4,4,4
R01288,4,Colwyn,v2_12month,9.5,18-34,Male,South,Some college,Rural,1,0,0,4,3,1,5,3,2,5,4
R01289,2,Meridian,v1_3month,7.0,55-64,Female,West,Bachelor's or higher,Urban,1,0,0,5,1,2,3,1,2,3,4
R01290,2,Meridian,v1_3month,9.0,35-54,Male,South,Some college,Rural,1,0,0,1,2,4,5,2,3,5,1
R01291,7,Colwyn,v2_12month,8.5,55-64,Female,Midwest,Bachelor's or higher,Urban,1,1,1,1,5,4,3,5,4,3,2
R01292,4,Colwyn,v2_12month,7.4,35-54,Female,Midwest,High school or less,Suburban,1,1,0,4,5,1,2,5,1,2,3
R01293,8,Colwyn,v2_12month,6.6,18-34,Male,South,High school or less,Urban,1,0,0,1,5,3,2,5,4,2,1
R01294,1,Meridian,v1_3month,7.9,35-54,Female,South,Bachelor's or higher,Urban,0,0,0,1,2,4,5,5,1,3,4
R01295,9,Colwyn,v2_12month,7.9,65+,Male,South,High school or less,Rural,1,1,1,1,5,4,3,2,1,5,4
R01296,3,Meridian,v2_12month,6.4,55-64,Female,Midwest,Bachelor's or higher,Rural,0,0,0,1,2,3,4,5,1,2,3
R01297,5,Colwyn,v2_12month,5.1,18-34,Female,South,Bachelor's or higher,Suburban,0,0,0,1,5,3,2,2,1,4,3
R01298,4,Colwyn,v2_12month,8.4,18-34,Female,Midwest,High school or less,Suburban,0,0,0,3,4,1,2,4,5,2,3
R01299,8,Colwyn,v2_12month,5.3,35-54,Male,South,Bachelor's or higher,Urban,0,0,0,1,5,4,3,5,4,3,2
R01300,7,Colwyn,v2_12month,5.8,18-34,Female,Midwest,High school or less,Urban,1,0,0,3,4,5,1,4,5,1,2
R01301,8,Colwyn,v2_12month,9.0,35-54,Female,West,High school or less,Urban,1,0,0,1,5,3,2,5,4,2,1
R01302,7,Colwyn,v2_12month,9.2,18-34,Female,Midwest,Bachelor's or higher,Suburban,0,0,0,2,2,2,2,2,2,2,2
R01303,4,Colwyn,v2_12month,5.9,35-54,Male,West,High school or less,Urban,1,1,1,1,5,4,3,5,4,3,2
R01304,6,Colwyn,v2_12month,7.2,18-34,Female,Midwest,High school or less,Urban,1,1,0,4,5,1,2,3,4,5,1
R01305,3,Meridian,v2_12month,6.4,35-54,Male,Northeast,Some college,Suburban,1,1,1,5,4,2,1,1,5,3,2
R01306,8,Colwyn,v2_12month,9.2,18-34,Female,South,Some college,Urban,1,1,1,2,2,2,2,2,2,2,2
R01307,4,Colwyn,v2_12month,7.0,18-34,Male,Midwest,Bachelor's or higher,Urban,1,0,0,3,2,1,5,4,3,2,1
R01308,1,Meridian,v1_3month,4.9,65+,Female,Northeast,Some college,Urban,1,1,1,1,2,3,4,2,3,4,5
R01309,3,Meridian,v2_12month,5.1,35-54,Female,West,High school or less,Urban,0,0,0,2,1,4,3,1,5,3,2
R01310,5,Colwyn,v2_12month,5.3,55-64,Male,Northeast,High school or less,Urban,0,0,0,4,3,2,1,5,4,3,2
R01311,7,Colwyn,v2_12month,7.1,65+,Female,Northeast,Some college,Suburban,1,0,0,5,1,3,4,4,5,2,3
R01312,9,Colwyn,v2_12month,7.9,18-34,Male,Northeast,Bachelor's or higher,Urban,1,0,0,4,3,1,5,5,4,2,1
R01313,7,Colwyn,v2_12month,8.4,18-34,Female,Midwest,Bachelor's or higher,Urban,0,0,0,4,5,1,2,3,4,5,1
R01314,4,Colwyn,v2_12month,9.8,65+,Male,South,Bachelor's or higher,Rural,1,0,0,2,1,5,4,1,5,4,3
R01315,8,Colwyn,v2_12month,8.8,55-64,Female,South,Some college,Urban,1,1,1,5,1,3,4,1,2,3,4
R01316,9,Colwyn,v2_12month,8.9,18-34,Female,West,High school or less,Suburban,1,1,1,4,3,1,5,3,2,5,4
R01317,1,Meridian,v1_3month,9.8,35-54,Female,West,Some college,Rural,1,0,0,5,1,2,3,1,2,3,4
R01318,1,Meridian,v1_3month,5.4,18-34,Male,West,Some college,Rural,0,0,0,2,1,5,4,3,2,1,5
R01319,6,Colwyn,v2_12month,8.9,18-34,Female,West,High school or less,Urban,1,0,0,4,5,2,3,3,4,1,2
R01320,8,Colwyn,v2_12month,9.3,35-54,Female,West,Some college,Urban,1,1,0,1,2,4,5,2,3,5,1
R01321,4,Colwyn,v2_12month,6.2,18-34,Male,South,High school or less,Rural,0,0,0,5,4,3,2,4,3,2,1
R01322,7,Colwyn,v2_12month,6.3,35-54,Female,Midwest,Bachelor's or higher,Suburban,1,0,0,1,2,3,4,2,3,4,5
R01323,9,Colwyn,v2_12month,8.3,18-34,Male,Midwest,Bachelor's or higher,Urban,0,0,0,2,1,4,3,1,5,3,2
R01324,7,Colwyn,v2_12month,8.8,55-64,Male,Northeast,Bachelor's or higher,Urban,1,1,1,3,4,1,2,2,3,5,1
R01325,6,Colwyn,v2_12month,8.3,35-54,Male,Northeast,Bachelor's or higher,Suburban,1,0,0,1,5,4,3,2,1,5,4
R01326,3,Meridian,v2_12month,4.8,65+,Female,Midwest,Bachelor's or higher,Rural,1,0,0,2,3,4,5,1,2,3,4
R01327,4,Colwyn,v2_12month,7.4,18-34,Male,West,Bachelor's or higher,Suburban,1,1,1,5,4,2,1,1,5,3,2
R01328,4,Colwyn,v2_12month,7.7,18-34,Female,West,Bachelor's or higher,Urban,1,0,0,4,5,2,3,5,1,3,4
R01329,5,Colwyn,v2_12month,4.9,65+,Female,Northeast,High school or less,Suburban,1,1,0,4,4,4,4,4,4,4,4
R01330,9,Colwyn,v2_12month,8.8,18-34,Female,West,Bachelor's or higher,Suburban,0,0,0,2,1,4,3,1,5,3,2
R01331,9,Colwyn,v2_12month,9.7,18-34,Male,West,Some college,Urban,0,0,0,1,2,3,4,2,3,4,5
R01332,4,Colwyn,v2_12month,7.8,65+,Female,South,High school or less,Rural,1,1,0,5,4,3,2,4,3,2,1
R01333,1,Meridian,v1_3month,8.7,65+,Female,South,High school or less,Rural,0,0,0,3,4,1,2,4,5,2,3
R01334,5,Colwyn,v2_12month,5.6,18-34,Female,South,Some college,Suburban,0,0,0,4,4,4,4,4,4,4,4
